id_manufacturer,cocoa_percent,ingredients,review_date,rating
1,76%,"3- B,S,C",2019,3.25
1,76%,"3- B,S,C",2019,3.5
1,76%,"3- B,S,C",2019,3.75
1,68%,"3- B,S,C",2021,3
1,72%,"3- B,S,C",2021,3
1,80%,"3- B,S,C",2021,3.25
1,68%,"3- B,S,C",2021,3.5
2,70%,"4- B,S,C,L",2012,3.5
2,63%,"4- B,S,C,L",2012,3.75
2,70%,"4- B,S,C,L",2013,2.75
2,70%,"4- B,S,C,L",2013,2.75
2,70%,"4- B,S,C,L",2013,3
2,70%,"4- B,S,C,L",2013,3
2,70%,"4- B,S,C,L",2013,3.25
2,70%,"4- B,S,C,L",2013,3.25
2,70%,"4- B,S,C,L",2013,3.25
2,70%,"4- B,S,C,L",2013,3.5
2,70%,"4- B,S,C,L",2013,3.75
2,70%,"4- B,S,C,L",2013,4
2,63%,"3- B,S,C",2013,4
2,70%,"4- B,S,C,L",2014,2.75
2,70%,"4- B,S,C,L",2014,3.5
2,70%,"4- B,S,C,L",2014,3.5
2,70%,"4- B,S,C,L",2014,3.75
2,70%,"4- B,S,C,L",2014,4
2,70%,"4- B,S,C,L",2015,2.75
2,70%,"4- B,S,C,L",2015,3
2,70%,"4- B,S,C,L",2015,3.5
2,70%,"4- B,S,C,L",2015,3.5
2,63%,"4- B,S,C,L",2016,3.75
2,70%,"4- B,S,C,L",2018,3.5
2,63%,"4- B,S,C,L",2018,3.75
2,70%,"4- B,S,C,L",2021,4
3,70%,"2- B,S",2015,3.75
3,70%,"2- B,S",2015,3.75
3,74%,"2- B,S",2020,3.25
3,70%,"2- B,S",2020,3.5
4,60%,"3- B,S,C",2011,2.75
4,80%,"3- B,S,C",2011,3.25
4,88%,"3- B,S,C",2011,3.5
4,72%,"3- B,S,C",2011,3.5
5,70%,"2- B,S",2019,2.5
5,70%,"2- B,S",2019,2.75
5,70%,"2- B,S",2019,2.75
5,70%,"2- B,S",2019,3
6,55%,"4- B,S,C,V",2009,2.75
6,70%,"4- B,S,C,V",2009,3
7,70%,"3- B,S,C",2009,3
8,75%,"4- B,S,C,L",2010,2.75
8,75%,"4- B,S,C,L",2010,2.75
8,75%,"4- B,S,C,L",2011,3.75
9,75%,"5- B,S,C,V,L",2013,2.5
9,75%,"5- B,S,C,V,L",2013,2.5
9,65%,"6-B,S,C,V,L,Sa",2014,2.75
9,75%,"5-B,S,C,V,Sa",2014,2.75
9,75%,"5-B,S,C,V,Sa",2014,3
9,75%,"6-B,S,C,V,L,Sa",2017,3.5
10,70%,"3- B,S,C",2017,3.5
10,70%,"3- B,S,C",2017,3.5
10,70%,"3- B,S,C",2017,3.5
10,70%,"3- B,S,C",2017,3.5
11,60%,"4- B,S,C,L",2013,2.5
11,60%,"4- B,S,C,L",2013,3
11,60%,"4- B,S,C,L",2013,3
11,80%,"4- B,S,C,L",2013,3.25
11,60%,"4- B,S,C,L",2013,3.25
11,60%,"3- B,S,C",2016,2.5
11,60%,"3- B,S,C",2016,2.5
11,60%,"3- B,S,C",2016,2.75
11,60%,"3- B,S,C",2016,2.75
11,60%,"3- B,S,C",2016,3
11,70%,"3- B,S,C",2018,3
12,70%,"4- B,S,C,V",2007,3
12,70%,"4- B,S,C,V",2007,3.5
12,70%,"4- B,S,C,V",2007,3.75
12,70%,"4- B,S,C,V",2008,2.75
12,70%,"4- B,S,C,V",2009,3
12,70%,"4- B,S,C,V",2010,3
12,70%,"4- B,S,C,V",2010,3.75
12,70%,"4- B,S,C,V",2010,4
12,70%,"4- B,S,C,V",2011,4
13,70%,"2- B,S",2009,2.75
13,85%,"2- B,S",2009,2.75
13,70%,"2- B,S",2009,3
13,85%,"2- B,S",2009,3
14,70%,NA,2017,3
14,70%,NA,2017,3.5
15,72%,"3- B,S,C",2013,3.25
15,73%,"3- B,S,C",2013,3.5
16,64%,"4- B,S,C,L",2015,3
16,66%,"2- B,S",2015,3.25
16,75%,"2- B,S",2015,3.25
16,63%,"2- B,S",2015,3.25
16,70%,"2- B,S",2015,3.25
16,68%,"2- B,S",2015,3.5
17,66%,"4- B,S,C,V",2006,3.75
17,70%,"4- B,S,C,V",2007,3
17,70%,"4- B,S,C,V",2007,3
17,70%,"4- B,S,C,V",2007,3.5
17,70%,"4- B,S,C,V",2007,3.5
17,63%,"4- B,S,C,V",2007,3.5
17,70%,"4- B,S,C,V",2007,3.75
17,70%,"4- B,S,C,V",2012,3.75
17,70%,"4- B,S,C,V",2018,3
17,70%,"4- B,S,C,V",2018,3
17,70%,"4- B,S,C,V",2018,3
17,75%,"4- B,S,C,V",2018,3.5
17,70%,"3- B,S,C",2019,2.75
18,85%,"4- B,S,C,L",2010,2.75
18,50%,"4- B,S,C,L",2010,3.75
18,75%,"4- B,S,C,L",2010,3.75
18,60%,"4- B,S,C,L",2010,4
18,75%,"4- B,S,C,L",2013,3.25
19,75%,"2- B,S",2014,3
20,75%,"2- B,S",2016,3.5
20,75%,"2- B,S",2021,3
20,75%,"2- B,S",2021,3.25
21,72%,"3- B,S,C",2014,2.5
21,75%,"3- B,S,C",2014,2.75
21,75%,"3- B,S,C",2014,3
21,75%,"3- B,S,C",2014,3
22,75%,"2- B,S",2015,2.75
22,70%,"2- B,S",2015,3.25
22,70%,"2- B,S",2015,3.5
22,68%,"2- B,S",2015,3.5
22,70%,"2- B,S",2015,3.5
22,75%,"3- B,S,C",2015,3.5
22,70%,"2- B,S",2015,3.75
22,70%,"2- B,S",2015,3.75
22,70%,"2- B,S",2015,4
22,70%,"3- B,S,C",2016,3.25
22,70%,"3- B,S,C",2016,3.25
22,70%,"2- B,S",2016,3.25
22,73%,"2- B,S",2016,3.25
22,70%,"2- B,S",2016,3.5
22,73%,"3- B,S,C",2016,3.5
22,70%,"2- B,S",2016,3.5
22,70%,"2- B,S",2016,3.5
22,70%,"2- B,S",2016,3.75
22,70%,"3- B,S,C",2016,3.75
22,70%,"2- B,S",2016,3.75
22,70%,"2- B,S",2016,4
22,70%,"2- B,S",2016,4
22,70%,"2- B,S",2017,3.5
22,70%,"3- B,S,C",2017,3.5
22,73%,"3- B,S,C",2017,3.5
22,70%,"3- B,S,C",2017,3.5
22,70%,"2- B,S",2017,4
22,70%,"2- B,S",2017,4
22,70%,"2- B,S",2018,3
22,70%,"2- B,S",2018,4
22,70%,"3- B,S,C",2019,3
22,70%,"3- B,S,C",2019,3.25
23,70%,"2- B,S",2018,3
23,70%,"2- B,S",2018,3.25
23,70%,"2- B,S",2018,3.5
23,70%,"2- B,S",2018,3.5
24,72%,"3- B,S,C",2008,3.75
24,72%,"3- B,S,C",2009,1.75
24,75%,"3- B,S,C",2009,2.5
24,72%,"3- B,S,C",2009,2.75
24,80%,"3- B,S,C",2009,3
24,75%,"3- B,S,C",2009,3
24,72%,"3- B,S,C",2009,3.25
24,100%,NA,2010,1.75
24,72%,"3- B,S,C",2010,3.25
24,72%,"3- B,S,C",2010,3.25
24,72%,"3- B,S,C",2010,3.5
24,72%,"3- B,S,C",2010,3.75
24,72%,"3- B,S,C",2011,2.75
24,72%,"3- B,S,C",2011,4
24,72%,"3- B,S,C",2012,3.75
24,72%,"3- B,S,C",2013,3.25
25,72%,"4- B,S,C,L",2013,2.75
26,72%,"4- B,S,C,L",2021,3.25
26,72%,"4- B,S,C,L",2021,3.25
26,72%,"4- B,S,C,L",2021,3.5
27,75%,"2- B,S",2007,2.5
27,70%,"2- B,S",2007,3
27,77%,"2- B,S",2009,3.75
27,72%,"2- B,S",2011,3.75
27,70%,"2- B,S",2011,3.75
27,68%,"3- B,S,C",2016,3.75
28,70%,"4- B,S,C,L",2019,3
29,77%,"4- B,S,V,L",2018,2.75
29,70%,"3- B,S,C",2018,3
29,70%,"3- B,S,C",2018,3
29,70%,"3- B,S,C",2018,3.5
30,70%,"2- B,S",2021,2.5
30,70%,"2- B,S",2021,3
31,70%,"2- B,S",2012,2.5
31,70%,"2- B,S",2012,2.5
31,70%,"2- B,S",2012,3
31,80%,"2- B,S",2015,3.25
31,70%,"2- B,S",2015,3.5
32,70%,"2- B,S",2018,3
33,70%,"3- B,S,C",2015,2.75
33,70%,"3- B,S,C",2015,3.5
34,72%,"3- B,S,C",2019,2.5
34,82%,"3- B,S,C",2019,2.75
34,72%,"3- B,S,C",2019,3.25
35,70%,"2- B,S",2012,3.25
35,70%,"2- B,S",2012,3.5
35,70%,"2- B,S",2012,3.75
35,70%,"2- B,S",2014,4
35,70%,"2- B,S",2015,3.5
35,72%,"2- B,S",2017,3.5
35,80%,"2- B,S",2017,3.5
36,80%,"4- B,S,C,V",2012,2.75
37,65%,"3- B,S,C",2016,3.25
37,65%,"3- B,S,C",2016,3.5
37,70%,"3- B,S,C",2016,3.75
38,70%,"4- B,S,C,V",2019,2.25
39,73%,"3- B,S,C",2017,3
39,72%,"3- B,S,C",2017,3.25
40,80%,"3- B,S,C",2016,2.75
40,70%,"3- B,S,C",2016,2.75
40,70%,"3- B,S,C",2016,2.75
40,90%,"3- B,S,C",2016,2.75
41,64%,"4- B,S,C,L",2010,2.75
41,64%,"4- B,S,C,L",2010,2.75
41,64%,"4- B,S,C,L",2010,2.75
41,71%,"4- B,S,C,L",2010,3.5
42,70%,"3- B,S,C",2016,3.25
42,70%,"3- B,S,C",2016,3.5
42,70%,"2- B,S",2016,3.5
43,75%,"3- B,S,C",2018,3.25
43,70%,"3- B,S,C",2021,3.75
44,83%,"3- B,S,C",2016,2.75
44,78%,"3- B,S,C",2016,3
44,83%,"3- B,S,C",2016,3.5
45,72%,"4- B,S,C,L",2018,3
45,72%,"4- B,S,C,L",2018,3
45,72%,"4- B,S,C,L",2018,3
46,72%,"3- B,S,C",2011,3.75
46,72%,"3- B,S,C",2011,4
46,74%,"3- B,S,C",2013,3.5
46,74%,"3- B,S,C",2013,3.5
46,74%,"3- B,S,C",2013,3.5
46,73%,"3- B,S,C",2013,4
47,55%,"5- B,S,C,V,L",2012,2.75
48,70%,"3- B,S,C",2010,3.25
48,74%,"3- B,S,C",2010,3.25
48,64%,"3- B,S,C",2010,3.5
48,72%,"3- B,S,C",2010,3.5
48,64%,"3- B,S,C",2011,3
48,88%,"3- B,S,C",2011,3
48,72%,"3- B,S,C",2011,3.5
48,72%,"3- B,S,C",2011,4
49,76%,"2- B,S",2015,2.5
49,76%,"2- B,S",2015,2.5
49,78%,"4- B,S,C,V",2015,2.5
49,86%,"4- B,S,C,V",2015,3.25
50,70%,"4- B,S,C,L",2018,3
50,70%,"4- B,S,C,L",2018,3
50,70%,"4- B,S,C,L",2018,3.5
51,71%,"2- B,S",2008,3
51,70%,"2- B,S",2008,3
51,75%,"2- B,S",2008,3.5
51,68%,"2- B,S",2008,3.75
51,75%,"2- B,S",2009,3
51,75%,"2- B,S",2009,3.25
51,65%,"2- B,S",2009,3.5
51,65%,"2- B,S",2009,3.5
51,65%,"2- B,S",2010,2.75
51,70%,"2- B,S",2010,3
51,78%,"2- B,S",2010,3
51,75%,"2- B,S",2010,3.25
51,70%,"2- B,S",2010,3.75
51,72%,"3- B,S,C",2012,3.5
52,70%,"2- B,S",2018,3
52,70%,"2- B,S",2018,3
52,70%,"2- B,S",2018,3.25
52,70%,"2- B,S",2019,2.75
53,70%,"3- B,S,C",2008,2.75
53,70%,"3- B,S,C",2008,2.75
53,70%,"3- B,S,C",2008,3
53,70%,"4- B,S,C,L",2021,3.75
54,70%,"4- B,S,C,L",2014,2.75
55,72%,"3- B,S,C",2021,3.25
55,72%,"3- B,S,C",2021,3.25
56,72%,"4- B,S,C,V",2009,2.75
56,82%,"4- B,S,C,V",2013,3.5
57,70%,"3- B,S,C",2012,3.5
57,70%,"3- B,S,C",2012,3.75
57,75%,"2- B,S",2016,2.75
57,75%,"2- B,S",2016,3
57,82%,"2- B,S",2016,3.5
57,75%,"2- B,S",2016,3.5
58,70%,"3- B,S,C",2017,2.75
59,68%,"2- B,S",2019,2.5
59,72%,"2- B,S",2019,2.75
59,74%,"2- B,S",2019,3.25
60,100%,NA,2006,1.5
60,75%,"3- B,S,C",2006,3
60,75%,"3- B,S,C",2006,3.75
60,75%,"3- B,S,C",2006,3.75
60,75%,"3- B,S,C",2006,3.75
60,75%,"3- B,S,C",2006,4
60,75%,"3- B,S,C",2006,4
60,75%,"3- B,S,C",2007,2.5
60,75%,"3- B,S,C",2008,4
60,75%,"3- B,S,C",2009,2.75
60,75%,"3- B,S,C",2009,3
60,75%,"3- B,S,C",2009,3
60,75%,"3- B,S,C",2009,3
60,75%,"3- B,S,C",2011,3.25
60,75%,"3- B,S,C",2011,3.5
60,75%,"3- B,S,C",2011,3.5
60,75%,"3- B,S,C",2011,3.5
60,75%,"3- B,S,C",2011,3.5
60,75%,"3- B,S,C",2011,3.75
60,75%,"3- B,S,C",2011,4
60,75%,"3- B,S,C",2011,4
60,75%,"3- B,S,C",2013,3.25
60,75%,"3- B,S,C",2013,3.5
60,75%,"3- B,S,C",2014,3.25
60,65%,"3- B,S,C",2014,3.75
60,75%,"3- B,S,C",2014,4
60,75%,"3- B,S,C",2016,3.5
60,75%,"3- B,S,C",2018,4
60,75%,"3- B,S,C",2018,4
60,75%,"3- B,S,C",2021,3.75
61,100%,NA,2009,1.5
61,77%,"2- B,S",2009,3.25
62,70%,NA,2014,2.75
62,70%,NA,2014,2.75
63,75%,"3- B,S,C",2018,3.5
63,70%,"3- B,S,C",2018,3.75
63,70%,"3- B,S,C",2018,4
63,62%,"3- B,S,C",2021,3
64,72%,"5- B,S,C,V,L",2013,3
64,70%,"5- B,S,C,V,L",2013,3.25
64,75%,"5- B,S,C,V,L",2013,3.5
64,85%,"5- B,S,C,V,L",2013,3.5
64,70%,"3- B,S,C",2014,3.75
64,70%,"3- B,S,C",2014,4
64,68%,"3- B,S,C",2015,3.75
64,70%,"3- B,S,C",2016,3.5
64,70%,"3- B,S,C",2016,3.75
64,70%,"3- B,S,C",2017,3.25
64,75%,"3- B,S,C",2017,3.75
65,80%,"3- B,S,C",2015,2.75
65,60%,"3- B,S,C",2015,3
65,80%,"3- B,S,C",2015,3.25
65,80%,"3- B,S,C",2015,3.25
65,60%,"3- B,S,C",2015,3.25
65,70%,"2- B,S",2015,3.5
66,70%,"4- B,S,C,V",2013,3
67,68%,"3- B,S,C",2014,2.75
67,72%,"3- B,S,C",2014,3
67,70%,"3- B,S,C",2014,3.5
67,72%,"3- B,S,C",2014,3.5
68,70%,"2- B,S",2015,3.25
69,68%,"3- B,S,C",2013,2.75
70,70%,"3- B,S,C",2018,2.5
70,70%,"3- B,S,C",2018,3
71,60%,"3- B,S,C",2014,2.5
71,72%,"3- B,S,C",2014,3.25
71,72%,"3- B,S,C",2014,3.25
71,72%,"3- B,S,C",2014,3.25
71,72%,"3- B,S,C",2014,3.5
72,70%,"2- B,S",2019,3
74,70%,"2- B,S*",2019,3.25
74,70%,"2- B,S*",2019,3.5
75,70%,"4- B,S,C,L",2019,3
75,70%,"4- B,S,C,L",2019,3.5
75,70%,"4- B,S,C,L",2019,3.75
76,70%,"2- B,S",2015,2.5
77,75%,"2- B,S",2010,2.25
77,75%,"2- B,S",2010,2.5
77,75%,"2- B,S",2010,2.75
77,75%,"2- B,S",2014,2.5
78,72%,"5- B,S,C,V,L",2007,2
78,66%,"5- B,S,C,V,L",2007,3
78,75%,"5- B,S,C,V,L",2008,2
78,70%,"5- B,S,C,V,L",2010,3
78,65%,"5- B,S,C,V,L",2016,3.5
79,72%,"2- B,S",2018,2.5
79,72%,"2- B,S",2018,3
79,72%,"2- B,S",2018,3.75
80,75%,"2- B,S",2014,2.5
80,74%,"2- B,S",2014,3.25
80,75%,"2- B,S",2014,3.5
80,70%,"2- B,S",2014,3.75
80,74%,"2- B,S",2015,3.25
80,75%,"2- B,S",2015,3.25
80,77%,"2- B,S",2015,3.5
80,75%,"2- B,S",2018,2.75
80,75%,"2- B,S",2019,2.5
80,70%,"2- B,S",2019,3
81,70%,"2- B,S",2018,3
82,69%,"4- B,S,C,L",2014,2.75
82,70%,"4- B,S,C,L",2014,3.25
82,64%,"4- B,S,C,L",2014,3.5
82,70%,"4- B,S,C,L",2014,3.5
82,72%,"3- B,S,C",2015,3.75
82,71%,"3- B,S,C",2016,3.75
82,74%,"3- B,S,C",2016,3.75
83,70%,"4- B,S,C,L",2016,3.5
84,72%,"2- B,S",2011,3
84,65%,"2- B,S",2011,3.25
84,66%,"2- B,S",2011,3.75
84,72%,"2- B,S",2012,3.75
85,70%,"4- B,S,C,L",2009,4
85,70%,"4- B,S,C,L",2009,4
85,71%,"4- B,S,C,L",2010,3.25
85,71%,"4- B,S,C,L",2010,3.5
85,71%,"4- B,S,C,L",2010,3.5
85,77%,"4- B,S,C,L",2010,3.5
85,71%,"4- B,S,C,L",2010,3.75
85,71%,"4- B,S,C,L",2010,4
85,70%,"4- B,S,C,L",2016,3.5
86,72%,"4- B,S,C,V",2020,2.75
86,72%,"4- B,S,C,V",2020,2.75
86,72%,"4- B,S,C,V",2020,3
87,70%,"2- B,S",2015,3
87,70%,"2- B,S",2015,3.25
87,70%,"2- B,S",2015,3.5
88,70%,NA,2018,3
88,70%,NA,2018,3.25
88,70%,NA,2018,3.5
89,70%,"2- B,S",2021,3.5
89,70%,"2- B,S",2021,3.5
89,80%,"2- B,S",2021,3.5
89,70%,"2- B,S",2021,4
90,91%,"4- B,S,C,L",2008,1.5
90,82%,"4- B,S,C,L",2008,2.5
90,63%,"4- B,S,C,L",2008,3.5
90,71%,"4- B,S,C,L",2008,3.5
91,70%,NA,2007,1
91,60%,NA,2008,2.75
73,78%,"2- B,S",2011,2.25
73,70%,"2- B,S",2011,2.5
73,80%,"2- B,S",2012,3
73,100%,1- B,2013,3.5
73,75%,"2- B,S",2014,2.5
73,72%,"2- B,S",2014,3
73,70%,"2- B,S",2014,3.5
92,75%,"3- B,S,C",2016,2.5
92,73%,"3- B,S,C",2016,2.75
92,70%,"3- B,S,C",2016,3
92,75%,"3- B,S,C",2016,3
92,70%,"3- B,S,C",2016,3.25
93,70%,"4- B,S,C,L",2021,3.25
93,70%,"4- B,S,C,L",2021,3.25
93,70%,"4- B,S,C,L",2021,3.5
93,70%,"4- B,S,C,L",2021,3.75
94,77%,"4- B,S,C,L",2008,2
94,77%,"4- B,S,C,L",2008,2.5
94,77%,"4- B,S,C,L",2008,2.75
94,55%,"4- B,S,C,L",2008,3
94,55%,"4- B,S,C,L",2008,3.25
94,55%,"4- B,S,C,L",2008,3.5
95,70%,"3- B,S,C",2014,3.5
95,70%,"3- B,S,C",2014,3.75
96,70%,"3- B,S,C",2021,3
96,70%,"3- B,S,C",2021,3.25
96,70%,"3- B,S,C",2021,3.25
96,70%,"3- B,S,C",2021,3.25
97,80%,"2- B,S",2012,2.75
97,72%,"2- B,S",2012,3
97,72%,"2- B,S",2015,3.25
97,72%,"3- B,S,C",2015,3.5
97,72%,"2- B,S",2015,3.5
98,65%,"3- B,S,C",2016,3
98,65%,"3- B,S,C",2016,3.25
98,65%,"3- B,S,C",2016,3.25
98,65%,"3- B,S,C",2016,3.5
98,65%,"3- B,S,C",2016,3.5
99,75%,"2- B,S",2018,2
100,71%,"2- B,S",2019,3
100,65%,"2- B,S",2019,3.25
101,70%,"3- B,S,C",2013,2.5
101,70%,"3- B,S,C",2013,2.75
101,70%,"3- B,S,C",2013,3
101,72%,"3- B,S,C",2013,3
101,70%,"3- B,S,C",2013,3.25
101,72%,"3- B,S,C",2013,3.25
101,73%,"2- B,S",2013,3.5
101,70%,"3- B,S,C",2014,2.75
101,72%,"3- B,S,C",2014,3.5
101,76%,"3- B,S,C",2014,3.5
101,72%,"3- B,S,C",2015,3.5
101,72%,"3- B,S,C",2015,3.5
101,70%,"3- B,S,C",2015,3.75
101,72%,"3- B,S,C",2016,4
101,70%,"2- B,S",2017,3.25
101,70%,"3- B,S,C",2019,3.5
101,70%,"3- B,S,C",2019,3.75
101,70%,"3- B,S,C",2021,4
101,72%,"3- B,S,C",2021,4
102,70%,"3- B,S,C",2014,2.5
102,70%,"3- B,S,C",2014,2.75
102,70%,"3- B,S,C",2014,2.75
102,70%,"3- B,S,C",2014,3
103,72%,NA,2009,2.75
104,70%,"3- B,S,C",2014,2.75
104,70%,"3- B,S,C",2021,3
104,70%,"3- B,S,C",2021,3
104,72%,"3- B,S,C",2021,3.25
105,74%,"2- B,S",2017,3
105,68%,"3- B,S,C",2018,3.5
106,70%,"3- B,S,C",2016,3.25
107,75%,"3- B,S,C",2008,3
107,55%,"3- B,S,C",2010,2.75
108,70%,"3- B,S,C",2014,3.5
108,72%,"3- B,S,C",2018,3
108,72%,"3- B,S,C",2019,3.5
108,83%,"3- B,S,C",2021,3.25
108,69%,"3- B,S,C",2021,3.25
109,70%,NA,2011,3.5
110,70%,"3- B,S,C",2015,3.25
111,75%,"2- B,S",2014,3
111,82%,"2- B,S",2014,3.25
112,70%,"2- B,S",2015,2.75
112,70%,"2- B,S",2015,3.5
113,72%,"3- B,S,C",2019,2.5
113,71%,"3- B,S,C",2019,3.25
115,65%,"2- B,S",2015,2.5
115,80%,"2- B,S",2015,2.5
115,65%,"2- B,S",2015,2.75
115,74%,"2- B,S",2019,3
114,70%,"2- B,S",2011,3.75
114,68%,"2- B,S",2011,3.75
116,90%,"2- B,S*",2016,2.5
116,80%,"2- B,S*",2016,2.5
117,70%,"2- B,S",2016,2.5
117,70%,"2- B,S",2016,2.75
117,80%,"2- B,S",2016,2.75
117,60%,"2- B,S",2016,3
117,75%,"2- B,S",2016,3
117,80%,"2- B,S",2016,3
117,70%,"2- B,S",2016,3.25
118,74%,"3- B,S*,C",2014,2.75
119,75%,"3- B,S,C",2015,3.25
119,68%,"3- B,S,C",2015,3.5
119,80%,"3- B,S,C",2015,3.75
120,82%,"3- B,S,C",2012,2.5
120,68%,"3- B,S,C",2012,2.75
120,72%,"3- B,S,C",2012,3.25
120,70%,"2- B,S",2013,3.75
120,69%,"3- B,S,C",2015,3.75
120,80%,"2- B,S",2015,3.75
120,70%,"3- B,S,C",2021,2.75
121,72%,"3- B,S,C",2018,3.25
122,70%,"3- B,S,C",2019,3
123,70%,"4- B,S,C,V",2014,2.5
124,63%,"3- B,S,C",2018,2.5
124,76%,"2- B,S",2018,2.75
124,70%,"2- B,S",2018,2.75
125,77%,NA,2015,3
126,65%,NA,2011,3.25
126,75%,"3- B,S,C",2016,3.25
127,70%,"2- B,S",2021,3.25
127,73%,"2- B,S",2021,3.25
127,70%,"2- B,S",2021,3.5
128,71%,"4- B,S,C,L",2007,2.5
128,71%,"4- B,S,C,L",2007,2.5
128,70%,"4- B,S,C,L",2007,3
128,71%,"4- B,S,C,L",2008,3.5
128,60%,"4- B,S,C,L",2009,3.25
128,75%,"4- B,S,C,L",2009,3.25
128,71%,"4- B,S,C,L",2010,3.25
128,71%,"4- B,S,C,L",2010,3.5
129,65%,"2- B,S",2015,2.5
129,75%,"2- B,S",2015,2.5
130,80%,"4- B,S,C,V",2009,2.5
130,70%,"4- B,S,C,V",2009,2.75
130,70%,"4- B,S,C,V",2009,3
130,80%,"4- B,S,C,V",2009,3
130,70%,"4- B,S,C,V",2009,3
131,70%,"2- B,S",2020,3.5
131,75%,"2- B,S",2020,3.75
131,70%,"2- B,S",2020,3.75
131,67%,"2- B,S",2020,4
131,75%,"2- B,S",2021,3.5
131,75%,"2- B,S",2021,3.75
132,42%,"4- B,S,V,L",2013,2.75
133,70%,"2- B,S",2018,2.75
134,75%,"3- B,S,C",2018,3.75
134,72%,"3- B,S,C",2019,3
134,70%,"3- B,S,C",2019,3.25
134,73%,"3- B,S,C",2019,3.5
134,72%,"3- B,S,C",2019,3.5
134,72%,"3- B,S,C",2019,3.75
134,70%,"3- B,S,C",2019,4
135,68%,NA,2011,3.75
136,61%,"5- B,S,C,V,L",2009,3
137,77%,"3- B,S,C",2010,2.75
138,100%,NA,2008,1
138,80%,"3- B,S,C",2008,3
138,75%,"3- B,S,C",2008,3.75
138,73.5%,"2- B,S",2010,3.75
139,70%,"3- B,S,C",2021,3.5
139,79%,"3- B,S,C",2021,3.5
140,73%,"2- B,S",2015,3.5
141,70%,"3- B,S,C",2020,3.5
142,70%,"4- B,S,C,V",2019,2.25
143,68%,"3- B,S,C",2021,3
143,77%,"2- B,S",2021,3.25
143,70%,"3- B,S,C",2021,3.25
144,80%,NA,2008,2.75
144,88%,NA,2008,2.75
144,72%,NA,2008,3.25
144,70%,NA,2008,3.75
144,70%,NA,2010,3.25
145,76%,"2- B,S",2015,3.5
146,78%,"2- B,S",2016,2.75
147,70%,"3- B,S,C",2021,2.5
147,70%,"3- B,S,C",2021,2.5
147,68%,"3- B,S,C",2021,3.25
147,75%,"3- B,S,C",2021,3.5
148,72%,"3- B,S,C",2007,3
148,72%,"3- B,S,C",2008,3
148,72%,"3- B,S,C",2008,3
148,72%,"3- B,S,C",2009,3
148,62%,"3- B,S,C",2009,3.25
148,70%,"3- B,S,C",2009,3.5
148,70%,"3- B,S,C",2009,3.75
148,72%,"3- B,S,C",2010,2.5
148,70%,"3- B,S,C",2010,3
148,72%,"3- B,S,C",2010,3
148,72%,"3- B,S,C",2010,3.25
148,72%,"3- B,S,C",2010,3.25
148,72%,"3- B,S,C",2010,3.25
148,100%,NA,2012,1.5
148,85%,"3- B,S,C",2012,3.5
148,70%,"3- B,S,C",2012,3.5
148,72%,"3- B,S,C",2012,3.75
148,65%,"4- B,S,C,L",2013,3.25
148,75%,"3- B,S,C",2017,3.75
149,70%,NA,2006,1
150,75%,"3- B,S,C",2012,3.25
150,65%,"3- B,S,C",2012,3.25
150,67%,"3- B,S,C",2012,3.25
150,64%,"3- B,S,C",2012,3.25
150,75%,"3- B,S,C",2012,3.5
150,70%,"3- B,S,C",2014,2.5
150,83%,"3- B,S,C",2014,2.75
151,85%,"3- B,S,C",2016,3.25
151,73%,"3- B,S,C",2016,3.75
152,70%,"2- B,S",2020,3.25
152,70%,"2- B,S",2020,3.25
152,70%,"2- B,S",2020,3.25
152,70%,"2- B,S",2020,3.5
152,70%,"2- B,S",2021,3.75
153,70%,"3- B,S,C",2020,3.25
153,70%,"3- B,S,C",2020,3.5
153,75%,"3- B,S,C",2020,3.5
153,70%,"3- B,S,C",2020,3.5
154,73%,"2- B,S",2021,3.75
155,70%,"5- B,S,C,V,L",2011,3.25
155,70%,"3- B,S,C",2015,2.75
156,72%,"2- B,S",2017,2.75
157,70%,"3- B,S,C",2015,2.25
157,70%,"3- B,S,C",2015,2.75
157,70%,"3- B,S,C",2015,3
157,70%,"3- B,S,C",2015,3.5
157,65%,"4- B,S,C,L",2018,2.5
158,68%,"4- B,S,C,L",2021,2.5
158,72%,"4- B,S,C,L",2021,3
158,72%,"4- B,S,C,L",2021,3.5
159,70%,"2- B,S",2012,3
159,70%,"2- B,S",2012,3.25
159,70%,"2- B,S",2012,3.75
159,70%,"2- B,S",2013,2.75
159,70%,"2- B,S",2013,3.25
159,70%,"2- B,S",2013,3.5
159,70%,"2- B,S",2013,3.5
159,70%,"2- B,S",2014,2.75
159,70%,"2- B,S",2014,3.5
159,70%,"2- B,S",2014,3.5
159,70%,"2- B,S",2014,3.75
159,70%,"2- B,S",2015,3
159,70%,"2- B,S",2016,3.75
159,70%,"2- B,S",2017,3
159,70%,"2- B,S",2018,3
159,70%,"2- B,S",2018,3.25
159,70%,"2- B,S",2018,3.5
159,70%,"2- B,S",2019,3.5
159,70%,"2- B,S",2021,2.75
159,70%,"2- B,S",2021,2.75
159,70%,"2- B,S",2021,3.25
159,70%,"2- B,S",2021,3.25
159,70%,"2- B,S",2021,3.5
159,70%,"2- B,S",2021,3.5
159,70%,"2- B,S",2021,4
160,70%,"2- B,S",2011,3.25
160,70%,"2- B,S",2011,3.25
160,70%,"2- B,S",2011,3.25
161,70%,"2- B,S",2021,3
162,75%,"4- B,S,C,V",2009,3
162,60%,"4- B,S,C,V",2009,3.25
162,60%,"4- B,S,C,V",2011,3.5
162,75%,"4- B,S,C,V",2012,3
162,70%,"2- B,S",2012,3.25
162,70%,"2- B,S",2012,3.75
162,70%,"2- B,S",2012,3.75
162,70%,"2- B,S",2012,4
162,82%,"4- B,S,C,V",2014,3.25
163,72%,"2- B,S",2016,2.75
163,72%,"2- B,S",2016,3
163,70%,"2- B,S",2016,3.25
164,72%,"4- B,S,C,L",2019,3
164,70%,"4- B,S,C,L",2019,3.25
165,70%,"3- B,S,C",2015,3
165,70%,"3- B,S,C",2015,3
165,70%,"3- B,S,C",2015,3.25
165,70%,"3- B,S,C",2015,3.25
165,75%,"3- B,S,C",2016,3.25
166,58%,"4- B,S,C,L",2012,3.25
166,70%,"4- B,S,C,L",2013,2.5
166,70%,"4- B,S,C,L",2013,2.75
166,70%,"4- B,S,C,L",2013,2.75
167,72%,"3- B,S,C",2015,3.5
167,65%,"3- B,S,C",2015,3.5
168,70%,"3- B,S,C",2016,2.5
168,70%,"3- B,S,C",2016,3
169,66%,"4- B,S,C,V",2007,2.5
169,64%,"4- B,S,C,V",2007,3
169,71%,"4- B,S,C,V",2007,3
169,60%,"4- B,S,C,V",2007,3
169,64%,"4- B,S,C,V",2007,3
169,64%,"4- B,S,C,V",2007,3
170,66%,"4- B,S,C,V",2008,3.75
170,64%,"4- B,S,C,V",2009,3
171,70%,"2- B,S",2018,2.5
171,70%,"2- B,S",2018,2.5
171,80%,"2- B,S",2018,3
172,72%,"2- B,S",2016,2.5
172,72%,"2- B,S",2019,3
173,77%,"2- B,S",2007,3.5
173,77%,"2- B,S",2007,3.5
173,80%,"2- B,S",2008,2.75
174,80%,"2- B,S",2011,2.75
174,75%,"2- B,S",2011,2.75
174,74%,"2- B,S",2011,3
174,70%,"2- B,S",2011,3.25
174,75%,"2- B,S",2012,2.75
174,70%,"2- B,S",2013,3.25
174,76%,"2- B,S",2013,3.5
174,74%,"2- B,S",2014,3.5
174,70%,"2- B,S",2015,3.75
174,78%,"2- B,S",2016,3.5
174,70%,"2- B,S",2017,3.75
174,75%,"2- B,S",2017,3.75
174,72%,"2- B,S",2017,4
174,80%,"2- B,S",2018,3.75
174,72%,"2- B,S",2019,3.75
174,72%,"2- B,S",2019,4
174,73%,"2- B,S",2020,3.5
174,75%,"2- B,S",2021,3.75
174,72%,"2- B,S",2021,4
175,75%,"4- B,S,C,L",2019,2.5
175,70%,"4- B,S,C,L",2019,2.75
175,65%,"4- B,S,C,L",2019,3
175,75%,"4- B,S,C,L",2019,3
176,72%,"3- B,S,C",2014,3.25
176,72%,"3- B,S,C",2014,3.25
176,72%,"3- B,S,C",2014,3.5
176,85%,"3- B,S,C",2015,3
177,70%,NA,2009,3.75
178,70%,"3- B,S,L",2006,1.5
178,88%,"3- B,S,L",2008,3
179,70%,"2- B,S",2006,3
179,70%,"2- B,S",2006,3.25
179,70%,"2- B,S",2006,3.5
179,75%,"2- B,S",2007,3.25
179,60%,"2- B,S",2007,3.25
179,70%,"2- B,S",2007,3.5
179,70%,"2- B,S",2007,3.5
179,70%,"2- B,S",2007,3.75
179,70%,"2- B,S",2007,4
179,70%,"2- B,S",2007,4
179,70%,"2- B,S",2007,4
179,70%,"2- B,S",2008,3
179,70%,"2- B,S",2008,3
179,78%,"2- B,S",2008,3.5
179,70%,"2- B,S",2008,3.75
179,70%,"2- B,S",2010,3
179,70%,"2- B,S",2011,3.5
179,70%,"2- B,S",2012,3.5
179,70%,"2- B,S",2012,3.75
179,100%,NA,2013,3
179,70%,"2- B,S",2015,3.75
179,70%,"2- B,S",2015,3.75
179,70%,"2- B,S",2018,4
180,70%,"3- B,S,C",2015,2.5
180,80%,"3- B,S,C",2015,2.75
180,77%,"3- B,S,C",2015,2.75
180,75%,"3- B,S*,C",2016,2.75
180,71.50%,"3- B,S*,C",2018,2.75
180,72%,"3- B,S*,C",2018,3.5
180,80%,"2- B,S*",2018,3.5
180,78%,"3- B,S,C",2021,3.25
181,75%,"2- B,S",2019,2.5
181,70%,"2- B,S",2019,2.75
181,75%,"2- B,S",2019,3
182,70%,"3- B,S,C",2010,2.5
182,70%,"3- B,S,C",2010,3.5
182,72%,"3- B,S,C",2010,3.75
182,70%,"3- B,S,C",2010,3.75
182,72%,"3- B,S,C",2011,3
182,71%,"3- B,S,C",2011,3.25
182,65%,"3- B,S,C",2011,3.5
182,71%,"3- B,S,C",2011,3.5
182,72%,"3- B,S,C",2011,3.75
182,72%,"3- B,S,C",2012,3.75
182,70%,"4- B,S,C,L",2014,3.5
182,76%,"4- B,S,C,L",2014,3.75
182,70%,"4- B,S,C,L",2015,4
182,70%,"4- B,S,C,L",2017,2.75
182,80%,"4- B,S,C,L",2018,3.25
182,70%,"4- B,S,C,L",2019,3.5
182,70%,"4- B,S,C,L",2021,3.5
183,70%,"2- B,S",2015,3.25
184,82%,NA,2012,2.75
185,70%,"3- B,S,C",2015,3.25
185,70%,"3- B,S,C",2015,3.25
185,70%,"3- B,S,C",2015,3.5
185,70%,"3- B,S,C",2015,3.5
185,70%,"3- B,S,C",2015,4
185,70%,"3- B,S,C",2018,4
186,70%,"3- B,S,C",2014,3.25
186,70%,"3- B,S,C",2014,3.5
186,70%,"3- B,S,C",2014,3.75
187,70%,"3- B,S,C",2016,3.25
187,70%,"3- B,S,C",2016,3.25
188,72%,"3- B,S,C",2012,2.75
189,80%,"2- B,S",2019,3.5
190,68%,"2- B,S",2016,3
191,70%,"2- B,S",2020,3
191,70%,"2- B,S",2020,3
192,71%,"4- B,S,C,L",2008,2.75
192,75%,"4- B,S,C,L",2011,3.75
193,70%,"5- B,S,C,V,L",2006,2.75
193,74%,"5- B,S,C,V,L",2008,2.5
193,58%,"5- B,S,C,V,L",2008,2.5
193,61%,"5- B,S,C,V,L",2008,3
193,60.5%,"5- B,S,C,V,L",2009,2.75
193,70%,"5- B,S,C,V,L",2009,3
193,70%,"5- B,S,C,V,L",2015,3.75
194,70%,"3- B,S,C",2019,3.5
195,60%,"2- B,S",2013,2.75
195,70%,"2- B,S",2013,3.25
196,79%,"3- B,S,C",2015,3
196,78%,"3- B,S,C",2015,3.5
197,70%,"2- B,S",2018,3.25
197,70%,"2- B,S",2018,3.5
197,70%,"2- B,S",2018,3.5
197,70%,"2- B,S",2018,3.5
198,75%,"2- B,S",2016,3.25
198,72%,"2- B,S",2018,3
198,70%,"3- B,S,C",2019,2.5
198,80%,"3- B,S,C",2019,3
198,72%,"3- B,S,C",2019,3.5
199,80%,NA,2010,3.25
200,80%,"3- B,S,C",2014,3
200,70%,"3- B,S,C",2014,3.25
200,74%,"3- B,S,C",2014,3.25
201,72%,"4- B,S,C,V",2008,3
201,65%,"4- B,S,C,V",2009,2
201,74%,"4- B,S,C,V",2009,2.75
201,81%,"4- B,S,C,V",2009,3.5
201,70%,"4- B,S,C,V",2012,2.75
201,65%,"3- B,S,C",2021,3
201,70%,"2- B,S",2021,3.5
202,55%,"4- B,S,C,V",2011,2.5
202,55%,"4- B,S,C,V",2011,2.5
202,70%,"4- B,S,C,V",2011,2.5
202,62%,"4- B,S,C,V",2011,2.5
202,62%,"4- B,S,C,V",2011,2.75
203,80%,"3- B,S,C",2014,3
203,80%,"3- B,S,C",2014,3.5
203,80%,"3- B,S,C",2014,3.75
203,80%,"3- B,S,C",2018,3.5
203,70%,"3- B,S,C",2021,3
204,73%,"3- B,S,C",2019,3
205,75%,"2- B,S",2010,2.75
206,76%,"2- B,S",2016,2.5
206,76%,"2- B,S",2016,2.75
206,76%,"2- B,S",2016,3
207,62%,"5- B,S,C,V,L",2006,2
207,64%,"5- B,S,C,V,L",2006,3
207,65%,"5- B,S,C,V,L",2006,3
207,74%,"5- B,S,C,V,L",2006,3
207,72%,"5- B,S,C,V,L",2006,3.5
207,68%,"5- B,S,C,V,L",2006,4
207,58%,"5- B,S,C,V,L",2010,3.5
208,65%,"3- B,S,C",2014,2.25
208,85%,"3- B,S,C",2014,2.5
208,80%,"3- B,S,C",2014,3
208,70%,"3- B,S,C",2014,3.25
209,70%,"3- B,S,C",2020,2.75
209,70%,"3- B,S,C",2020,2.75
209,70%,"3- B,S,C",2020,3
209,70%,"3- B,S,C",2020,3.25
210,73%,"4- B,S,C,L",2019,3.25
210,72%,"4- B,S,C,L",2019,3.5
210,69%,"4- B,S,C,L",2019,3.5
210,72%,"4- B,S,C,L",2019,3.75
211,75%,"2- B,S",2018,2.75
211,75%,"2- B,S",2018,2.75
211,75%,"2- B,S",2018,3
211,75%,"2- B,S",2018,3.5
212,70%,"3- B,S,C",2018,3
212,68%,"3- B,S,C",2018,3.5
212,70%,"3- B,S,C",2018,3.5
213,72%,"3- B,S*,C",2014,2.75
214,70%,"6-B,S,C,V,L,Sa",2016,2.75
214,80%,"6-B,S,C,V,L,Sa",2016,2.75
215,70%,"2- B,S",2016,2.75
215,75%,"2- B,S",2016,3.5
215,67%,"2- B,S",2016,3.75
215,72%,"2- B,S",2018,2.75
215,70%,"2- B,S",2018,3
215,70%,"2- B,S",2018,3
215,70%,"2- B,S",2018,3.25
215,68%,"2- B,S",2018,3.5
215,70%,"2- B,S",2019,3
215,70%,"2- B,S",2019,3.5
215,72%,"2- B,S",2021,3.5
215,72%,"2- B,S",2021,3.5
216,70%,"2- B,S",2019,3
216,70%,"2- B,S",2019,3
216,70%,"2- B,S",2019,3
216,70%,"2- B,S",2019,3
216,70%,"2- B,S",2019,3.25
216,70%,"2- B,S",2019,3.75
216,70%,"2- B,S",2019,3.75
217,60%,"3- B,S,C",2012,3.5
217,70%,"3- B,S,C",2012,3.75
217,70%,"3- B,S,C",2014,3.5
217,70%,"3- B,S,C",2014,3.75
217,60%,"4- B,S,C,L",2018,2.5
217,70%,"3- B,S,C",2018,3
217,85%,"2- B,S",2018,3
217,70%,"3- B,S,C",2018,3.25
217,72%,"2- B,S",2018,3.5
218,60%,"4- B,S,C,L",2014,3.5
218,65%,"4- B,S,C,L",2014,3.5
218,80%,"4- B,S,C,L",2015,3
218,70%,"4- B,S,C,L",2015,3.5
218,75%,"4- B,S,C,L",2015,3.5
219,70%,"2- B,S",2011,3.5
219,65%,"2- B,S",2011,3.5
219,81%,"2- B,S*",2012,2
219,70%,"2- B,S",2012,2.5
219,66%,"2- B,S*",2012,3.5
219,66%,"2- B,S",2013,3.5
219,80%,"2- B,S",2014,3
219,68%,"2- B,S",2014,3.25
219,73%,"2- B,S",2015,3.5
219,70%,"2- B,S",2017,3.5
219,71%,"3- B,S,C",2019,3.25
220,80%,"3- B,S,C",2009,2.75
220,70%,"3- B,S,C",2009,3
220,70%,"3- B,S,C",2009,3.25
220,65%,"3- B,S,C",2009,3.5
220,74%,"3- B,S,C",2011,2.75
220,74%,"3- B,S,C",2011,2.75
220,74%,"3- B,S,C",2011,3
220,70%,"3- B,S,C",2011,3.25
220,72%,"3- B,S,C",2011,3.25
220,76%,"3- B,S,C",2011,3.25
220,72%,"3- B,S,C",2011,3.5
220,70%,"3- B,S,C",2011,3.5
220,70%,"3- B,S,C",2011,4
220,69%,"2- B,S",2012,3
220,69%,"2- B,S",2012,3.5
220,69%,"2- B,S",2012,3.5
220,74%,"3- B,S,C",2012,4
220,69%,"2- B,S",2012,4
220,72%,"3- B,S,C",2013,3.25
220,72%,"3- B,S,C",2013,3.75
220,70%,"3- B,S,C",2013,3.75
220,70%,"3- B,S,C",2013,4
220,70%,"3- B,S,C",2014,3
220,70%,"3- B,S,C",2014,3.5
220,70%,"3- B,S,C",2014,3.5
220,70%,"3- B,S,C",2014,3.5
220,70%,"3- B,S,C",2017,3.5
220,70%,"3- B,S,C",2017,3.5
220,70%,"3- B,S,C",2017,3.75
220,72%,"3- B,S,C",2018,3.25
220,72%,"3- B,S,C",2018,3.5
220,74%,"3- B,S,C",2021,3
220,68%,"3- B,S,C",2021,3.25
220,74%,"3- B,S,C",2021,3.25
220,68%,"3- B,S,C",2021,3.5
220,70%,"3- B,S,C",2021,3.5
220,70%,"3- B,S,C",2021,3.5
220,70%,"3- B,S,C",2021,3.75
220,68%,"3- B,S,C",2021,4
221,70%,"2- B,S",2017,3.5
221,70%,"2- B,S",2017,3.75
222,70%,"2- B,S",2014,3.5
222,70%,"2- B,S",2014,3.5
222,70%,"2- B,S",2014,4
223,70%,"2- B,S",2016,3.5
223,70%,"3- B,S,C",2017,3.75
223,60%,"3- B,S,C",2018,3
223,70%,"3- B,S,C",2018,3
223,70%,"3- B,S,C",2018,3.25
223,70%,"3- B,S,C",2018,3.25
223,68%,"3- B,S,C",2018,3.5
223,70%,"3- B,S,C",2018,3.5
223,70%,"3- B,S,C",2018,3.75
223,70%,"3- B,S,C",2018,3.75
223,70%,"3- B,S,C",2018,3.75
223,70%,"3- B,S,C",2018,4
223,70%,"3- B,S,C",2018,4
224,70%,"3- B,S,C",2011,3.25
224,70%,"3- B,S,C",2011,3.5
224,70%,"3- B,S,C",2011,3.5
224,70%,"3- B,S,C",2012,3.25
224,70%,"3- B,S,C",2012,3.25
224,70%,"3- B,S,C",2012,3.25
224,70%,"3- B,S,C",2012,3.75
224,70%,"3- B,S,C",2013,3.25
224,70%,"3- B,S,C",2013,3.5
224,70%,"3- B,S,C",2014,3.5
224,60%,"3- B,S,C",2015,3
224,85%,"3- B,S,C",2015,3.25
225,70%,"3- B,S,C",2011,3
225,66%,"3- B,S,C",2011,3.25
225,70%,"3- B,S,C",2012,2.5
225,75%,"3- B,S,C",2013,3
225,70%,"3- B,S,C",2013,3.75
225,76%,"3- B,S,C",2014,3
225,70%,"3- B,S,C",2014,3.75
225,74%,"2- B,S",2016,3.75
225,74%,"2- B,S",2016,4
225,85%,"2- B,S",2019,3.5
225,74%,"2- B,S",2019,3.75
225,77%,"2- B,S",2021,3.25
225,68%,"4- B,S,C,V",2021,3.75
225,72%,"3- B,S,C",2021,3.75
226,70%,"3- B,S,C",2018,2.5
226,70%,"2- B,S",2018,3
226,70%,"2- B,S",2018,3
226,70%,"3- B,S,C",2018,3.5
227,85%,"3- B,S,V",2014,2.5
228,65%,"4- B,S,C,L",2015,3.25
228,70%,"4- B,S,C,L",2015,3.5
228,80%,"4- B,S,C,L",2015,3.5
228,75%,"4- B,S,C,L",2015,3.5
228,70%,"4- B,S,C,L",2015,4
228,77%,"3- B,S,C",2017,3.5
228,75%,"3- B,S,C",2017,3.5
228,72%,"3- B,S,C",2018,2.75
228,75%,"3- B,S,C",2019,2.75
229,66%,"2- B,S",2015,3
229,70%,"2- B,S",2016,3.5
230,77%,"3- B,S,C",2016,2.75
230,77%,"3- B,S,C",2016,3.25
230,77%,"3- B,S,C",2016,3.25
230,70%,"3- B,S,C",2017,3.25
230,73%,"3- B,S,C",2019,2.5
230,73%,"3- B,S,C",2019,3
230,70%,"3- B,S,C",2021,3.75
231,70%,"2- B,S",2018,2.75
231,70%,"2- B,S",2021,3
231,70%,"2- B,S",2021,3.25
231,70%,"2- B,S",2021,3.25
232,72%,"5- B,S,C,V,L",2011,3
233,72%,"3- B,S,C",2021,3.5
233,70%,"3- B,S,C",2021,3.5
233,75%,"3- B,S,C",2021,3.5
233,73%,"3- B,S,C",2021,3.5
234,70%,"5- B,S,C,V,L",2006,2.5
235,70%,"2- B,S",2016,3.5
235,73%,"2- B,S",2019,2.5
236,70%,"3- B,S,C",2021,3
237,71%,"5- B,S,C,V,L",2008,2.5
237,60%,"5- B,S,C,V,L",2009,2.75
237,82%,"5- B,S,C,V,L",2010,3.25
238,64%,"4- B,S,C,L",2009,3
238,64%,"4- B,S,C,L",2009,3
238,64%,"4- B,S,C,L",2009,3
238,76%,"4- B,S,C,L",2009,3
238,64%,"4- B,S,C,L",2009,3.25
238,70%,"4- B,S,C,L",2018,2.75
239,65%,"5- B,S,C,V,L",2006,2.5
239,65%,"5- B,S,C,V,L",2006,3
239,61%,"5- B,S,C,V,L",2006,3
239,65%,"5- B,S,C,V,L",2006,3.5
239,65%,"5- B,S,C,V,L",2006,3.5
239,61%,"5- B,S,C,V,L",2006,3.5
239,72%,"5- B,S,C,V,L",2007,3.5
239,65%,"5- B,S,C,V,L",2008,3
239,64%,"5- B,S,C,V,L",2008,3
239,65%,"5- B,S,C,V,L",2008,3.5
239,55%,"5- B,S,C,V,L",2009,3
239,91%,"5- B,S,C,V,L",2009,3
239,70%,"5- B,S,C,V,L",2009,3.5
239,65%,"5- B,S,C,V,L",2010,3
239,72%,"5- B,S,C,V,L",2011,2.75
239,61%,"5- B,S,C,V,L",2011,3.25
239,72%,"5- B,S,C,V,L",2011,3.25
239,65%,"5- B,S,C,V,L",2013,2.75
239,65%,"5- B,S,C,V,L",2013,2.75
239,65%,"5- B,S,C,V,L",2013,3.25
239,65%,"5- B,S,C,V,L",2013,3.5
239,70%,"5- B,S,C,V,L",2015,3.75
240,100%,NA,2014,2
240,80%,"3- B,S,C",2014,2.75
240,74%,"3- B,S,C",2014,2.75
240,65%,"3- B,S,C",2014,2.75
240,70%,"3- B,S,C",2014,3
240,80%,"3- B,S,C",2014,3
240,75%,"3- B,S,C",2014,3.25
240,66%,"3- B,S,C",2014,3.25
240,70%,"3- B,S,C",2014,3.5
241,77%,"4- B,S,C,V",2007,2.5
242,55%,"4- B,S,C,L",2014,2.75
242,70%,"4- B,S,C,L",2014,3
243,70%,NA,2011,3
244,67%,"3- B,S,C",2015,3
244,77%,"3- B,S,C",2015,3.5
244,74%,"3- B,S,C",2015,3.5
244,85%,"3- B,S,C",2016,3.25
244,75%,"3- B,S,C",2018,3
245,70%,"3- B,S,C",2019,3
245,70%,"3- B,S,C",2019,3.25
246,65%,"3- B,S,C",2019,2.75
246,72%,"3- B,S,C",2019,3.25
246,70%,"3- B,S,C",2019,3.5
247,70%,"2- B,S",2021,3.5
248,64%,"3- B,S,L",2016,2.75
249,71%,"4- B,S,C,L",2019,2.5
249,71%,"4- B,S,C,L",2019,2.5
249,71%,"4- B,S,C,L",2019,3
250,70%,"3- B,S,C",2016,3.25
251,74%,"3- B,S,C",2016,3.5
252,67%,"3- B,S,C",2014,3
252,67%,"3- B,S,C",2014,3.5
252,67%,"3- B,S,C",2014,3.75
252,67%,"3- B,S,C",2014,3.75
253,72%,"3- B,S,C",2016,3.5
254,70%,"3- B,S,C",2016,3.5
255,77%,"3- B,S,C",2016,3.5
256,68%,"3- B,S,C",2016,3.75
256,72%,"3- B,S,C",2016,4
257,57%,"3- B,S,C",2015,2.75
257,74%,"3- B,S,C",2015,3.5
258,70%,"2- B,S",2021,2.75
258,70%,"2- B,S",2021,3.25
259,70%,"2- B,S*",2015,2.75
259,74%,"2- B,S*",2015,3
259,70%,"2- B,S*",2015,3
259,73%,"2- B,S*",2015,3.25
259,70%,"2- B,S*",2015,3.25
259,70%,"2- B,S*",2018,2.25
259,73%,"2- B,S*",2018,2.5
259,74%,"2- B,S*",2018,2.75
259,70%,"2- B,S*",2018,3
259,71%,"2- B,S*",2018,3.5
260,70%,"3- B,S,C",2016,2.75
260,72%,"3- B,S,C",2016,2.75
260,75%,"3- B,S,C",2016,3.25
260,66%,"3- B,S,C",2016,3.5
260,68%,"3- B,S,C",2019,3.25
260,85%,"3- B,S,C",2019,3.5
261,80%,"4- B,S,C,L",2009,2
261,80%,"2- B,S",2009,2.5
261,72%,"2- B,S",2009,3
261,58%,"4- B,S,C,L",2009,3.25
261,58%,"4- B,S,C,L",2009,3.5
262,70%,"2- B,S",2009,2.5
262,70%,"2- B,S",2009,2.75
262,70%,"2- B,S",2009,3.5
262,75%,"2- B,S",2009,3.75
262,70%,"4- B,S,C,L",2015,3.5
262,70%,"4- B,S,C,L",2015,3.5
262,70%,"4- B,S,C,L",2015,3.5
262,70%,"4- B,S,C,L",2015,3.5
262,70%,"4- B,S,C,L",2016,2.75
263,72%,"2- B,S*",2014,2.5
264,100%,NA,2013,1.75
264,70%,"2- B,S",2013,4
264,70%,"2- B,S",2015,2.75
264,75%,"4- B,S,C,L",2018,2.75
264,72%,"4- B,S,C,L",2019,3
264,80%,"4- B,S,C,L",2019,3
265,80%,NA,2008,2.5
265,75%,"4- B,S,C,L",2008,2.75
265,72%,"3- B,S,C",2008,3
265,72%,"4- B,S,C,L",2008,3
265,70%,NA,2010,2.75
265,70%,"4- B,S,C,L",2010,2.75
265,70%,NA,2010,3
265,80%,"4- B,S,C,L",2011,3
265,65%,"4- B,S,C,L",2011,3
265,65%,"4- B,S,C,L",2011,3.25
265,66%,"4- B,S,V,L",2012,3.5
265,100%,1- B,2013,2.5
265,100%,NA,2013,2.75
265,100%,NA,2013,2.75
265,75%,"4- B,S,C,L",2013,3
265,90%,"2- B,S",2013,3
265,72%,"4- B,S,C,L",2013,3
265,80%,"4- B,S,C,L",2013,3.5
265,82%,"2- B,S",2013,3.5
266,70%,"3- B,S,C",2013,3.25
266,70%,"3- B,S,C",2013,3.75
266,70%,"3- B,S,C",2014,3
266,70%,"3- B,S,C",2014,3
266,70%,"3- B,S,C",2014,3
266,70%,"3- B,S,C",2014,3.5
266,70%,"3- B,S,C",2014,3.75
266,70%,"3- B,S,C",2015,3.5
267,72%,"3- B,S,C",2011,3.25
267,72%,"3- B,S,C",2011,3.5
267,72%,"3- B,S,C",2011,3.75
267,72%,"3- B,S,C",2011,3.75
267,72%,"3- B,S,C",2011,3.75
267,74%,"3- B,S,C",2011,4
267,70%,"3- B,S,C",2011,4
267,72%,"3- B,S,C",2011,4
267,72%,"3- B,S,C",2011,4
267,72%,"3- B,S,C",2013,3.75
268,61%,"4- B,S,C,L",2016,2.5
269,77%,"3- B,S,C",2014,3
269,72%,"3- B,S,C",2017,3.25
270,72%,"4- B,S*,C,L",2012,2.75
270,72%,"4- B,S*,C,L",2012,3
271,72%,"2- B,S",2014,2.25
271,72%,"2- B,S",2014,3.25
271,72%,"2- B,S",2014,3.25
271,72%,"2- B,S",2014,3.5
272,72%,"4- B,S,C,L",2018,2.75
273,70%,"2- B,S",2015,2.75
273,70%,"2- B,S",2015,3.5
274,71%,"5- B,S,C,V,L",2006,2
275,72%,"3- B,S,C",2018,3.25
276,67%,"4- B,S,C,L",2017,3
276,75%,"4- B,S,C,L",2017,3
276,72%,"3- B,S,C",2017,3.5
276,65%,"4- B,S,C,L",2017,3.5
276,70%,"4- B,S,C,L",2017,3.5
276,68%,"5- B,S,C,V,L",2017,3.5
276,78%,"4- B,S,C,L",2017,3.75
276,66%,"4- B,S,C,L",2018,3
276,73%,"4- B,S,C,L",2018,3.25
276,80%,"4- B,S,C,L",2018,3.25
277,63%,"2- B,S",2015,2.75
277,75%,"3- B,S,C",2020,2.75
279,70%,"3- B,S,C",2018,3
279,70%,"3- B,S,C",2018,3.5
279,70%,"3- B,S,C",2018,3.5
279,70%,"3- B,S,C",2018,3.75
280,82%,"5- B,S,C,V,L",2013,3
280,55%,"5- B,S,C,V,L",2013,3.25
280,62%,"5- B,S,C,V,L",2013,3.25
280,70%,"5- B,S,C,V,L",2013,3.5
280,68%,"4- B,S,C,L",2020,3.75
280,70%,"3- B,S,C",2020,3.75
280,67%,"4- B,S,C,L",2020,3.75
281,70%,"3- B,S,C",2019,3
281,72%,"4- B,S,C,L",2019,3
281,71.50%,"3- B,S,C",2019,3.5
281,68%,"4- B,S,C,L",2019,3.75
281,65%,"4- B,S,C,L",2019,3.75
282,75%,"3- B,S,C",2019,3
282,75%,"3- B,S,C",2019,3
282,75%,"3- B,S,C",2019,3.25
283,65%,NA,2009,3.75
283,64%,NA,2012,2.5
284,85%,"4- B,S,C,V",2008,2.5
284,75%,"4- B,S,C,V",2008,2.5
284,75%,"4- B,S,C,V",2008,2.75
284,85%,"4- B,S,C,V",2008,2.75
284,70%,"4- B,S,C,V",2008,3
284,85%,"4- B,S,C,V",2008,3
284,85%,"4- B,S,C,V",2008,3
284,70%,"4- B,S,C,V",2008,3.5
285,70%,NA,2009,2.75
285,80%,NA,2009,2.75
286,70%,"3- B,S,C",2021,3.25
286,70%,"3- B,S,C",2021,3.5
287,70%,"3- B,S,C",2013,3.75
288,72%,"5- B,S,C,V,L",2009,2
289,70%,"3- B,S,C",2020,3.25
290,60%,"2- B,S",2014,3
291,70%,"2- B,S",2017,3
291,70%,"2- B,S",2017,3
291,70%,"2- B,S",2017,3.25
291,70%,"2- B,S",2018,3
291,70%,"2- B,S",2018,3.25
291,70%,"2- B,S",2018,3.75
291,70%,"2- B,S",2019,3
291,70%,"2- B,S",2019,3.25
292,72%,"2- B,S",2014,2.5
292,72%,"3- B,S,C",2014,2.75
292,72%,"3- B,S,C",2014,3
292,72%,"3- B,S,C",2014,3.25
292,90%,"2- B,S",2014,3.25
292,72%,"3- B,S,C",2014,3.25
292,72%,"3- B,S,C",2014,3.25
278,70%,"4- B,S,C,L",2016,2.75
278,70%,"4- B,S,C,L",2016,3.25
278,70%,"4- B,S,C,L",2016,3.75
278,70%,"4- B,S,C,L",2016,3.75
293,72.5%,"5-B,S,C,V,Sa",2014,2.5
293,72.5%,"5-B,S,C,V,Sa",2014,2.5
293,72.5%,"5-B,S,C,V,Sa",2014,3
293,72.5%,"5-B,S,C,V,Sa",2014,3
294,68%,"5- B,S,C,V,L",2009,3
294,64%,"5- B,S,C,V,L",2009,3.5
294,71%,"5- B,S,C,V,L",2010,3
294,75%,"5- B,S,C,V,L",2010,3.25
294,74%,"5- B,S,C,V,L",2010,3.75
294,74%,"5- B,S,C,V,L",2011,3.75
294,74%,"5- B,S,C,V,L",2012,3.25
294,68%,"5- B,S,C,V,L",2012,3.75
294,70%,"5- B,S,C,V,L",2012,4
296,68%,"3- B,S,C",2019,3
297,70%,NA,2016,2.25
297,70%,NA,2016,2.5
297,70%,NA,2016,3
297,70%,NA,2016,3
298,70%,"2- B,S",2018,3
298,75%,"2- B,S",2018,3
298,70%,"4- B,S,C,L",2018,3.25
298,70%,"2- B,S",2018,3.25
299,70%,"2- B,S",2018,3.5
299,70%,"2- B,S",2018,3.5
299,72%,"2- B,S",2019,3.5
300,74%,"4- B,S,C,L",2008,3.5
300,60%,"4- B,S,C,L",2009,3
300,68%,"4- B,S,C,L",2009,3.25
300,69%,"4- B,S,C,L",2009,3.5
300,60%,"4- B,S,C,L",2009,3.75
300,68%,"4- B,S,C,L",2011,3.5
300,66%,"4- B,S,C,L",2012,3.5
300,74%,"4- B,S,C,L",2013,2.75
300,60%,"4- B,S,C,L",2013,3.25
300,56%,"4- B,S,C,L",2013,3.25
301,72%,NA,2011,2.5
302,60%,NA,2011,3.25
303,70%,"2- B,S",2018,3
303,70%,"2- B,S",2018,3.5
303,70%,"2- B,S",2018,3.5
304,70%,"4- B,S,C,L",2014,2.75
304,68%,"4- B,S,C,L",2014,2.75
304,75%,"4- B,S,C,L",2015,2.75
304,75%,"4- B,S,C,L",2015,2.75
304,75%,"4- B,S,C,L",2015,3
304,75%,"4- B,S,C,L",2015,3
304,75%,"4- B,S,C,L",2015,3.25
304,75%,"4- B,S,C,L",2015,3.25
304,75%,"4- B,S,C,L",2015,3.5
304,75%,"4- B,S,C,L",2015,3.75
305,70%,NA,2012,3.5
306,75%,NA,2009,2.5
295,75%,"5- B,S,C,V,L",2012,3
295,75%,"5- B,S,C,V,L",2012,3
295,72%,"5- B,S,C,V,L",2012,3
295,80%,"2- B,S",2016,3.5
307,71%,"3- B,S,C",2018,3
307,70%,"3- B,S,C",2018,3.25
307,73%,"3- B,S,C",2018,3.5
308,74%,"3- B,S,C",2017,3.75
309,70%,"3- B,S,C",2019,2.75
309,70%,"3- B,S,C",2019,3.25
309,70%,"3- B,S,C",2019,3.5
310,70%,"2- B,S",2014,3.5
310,70%,"2- B,S",2015,3
310,70%,"2- B,S",2015,3.25
310,70%,"2- B,S",2015,3.25
310,70%,"2- B,S",2015,3.5
310,70%,"2- B,S",2015,3.5
310,70%,"2- B,S",2016,3.25
310,70%,"2- B,S",2017,3.25
310,70%,"2- B,S",2017,3.5
310,70%,"3- B,S,C",2017,4
310,70%,"3- B,S,C",2018,3.75
310,70%,"3- B,S,C",2019,3.25
310,70%,"3- B,S,C",2019,3.25
310,70%,"3- B,S,C",2021,3.5
310,70%,"3- B,S,C",2021,3.75
311,71%,"3- B,S,C",2014,3.5
312,70%,"2- B,S",2016,3
313,75%,"2- B,S",2012,2.75
313,74%,"2- B,S",2012,3
313,65%,"2- B,S",2012,3.5
313,68%,"2- B,S",2012,3.5
313,68%,"2- B,S",2012,3.5
313,68%,"2- B,S",2012,3.75
314,85%,"4- B,S,C,V",2007,3
315,72%,"2- B,S",2020,2.5
315,72%,"2- B,S",2020,3
315,72%,"2- B,S",2020,3
316,65%,"5- B,S,C,V,L",2013,2.5
317,71%,"4- B,S,C,V",2013,3
317,72%,"4- B,S,C,V",2013,3
317,70%,"4- B,S,C,V",2013,3.5
317,65%,"4- B,S,C,V",2014,3.25
317,70%,"2- B,S",2014,3.75
317,75%,"4- B,S,C,V",2014,3.75
318,70%,"3- B,S,C",2021,2.75
318,75%,"3- B,S,C",2021,3
319,75%,"2- B,S",2015,2
320,75%,"2- B,S",2018,2.5
320,70%,"2- B,S",2018,3
320,80%,"2- B,S",2018,3.25
320,78%,"2- B,S",2018,3.5
321,81%,"2- B,S",2017,3.25
321,70%,"2- B,S",2018,3
321,70%,"3- B,S,C",2021,3.25
322,72%,"3- B,S,C",2020,3.25
323,46%,"5- B,S,C,V,L",2010,2.75
323,60%,"5- B,S,C,V,L",2010,3
323,58%,"5- B,S,C,V,L",2010,3
323,65%,"5- B,S,C,V,L",2010,3.5
324,72%,"3- B,S,C",2020,3
324,73%,"3- B,S,C",2020,3.25
324,75%,"3- B,S,C",2020,3.25
324,68%,"3- B,S,C",2020,3.25
324,67%,"3- B,S,C",2020,3.5
325,55%,NA,2010,2.25
325,70%,NA,2011,1.5
326,75%,"3- B,S,C",2019,2.5
326,75%,"3- B,S,C",2019,2.75
327,67%,"5- B,S,C,V,L",2008,3.5
327,75%,"5- B,S,C,V,L",2008,3.5
327,70%,"5- B,S,C,V,L",2008,3.75
327,63%,"5- B,S,C,V,L",2008,4
328,70%,"2- B,S",2021,2.5
329,72%,"4- B,S,C,V",2010,2.75
329,70%,"4- B,S,C,V",2011,2.5
329,70%,"4- B,S,C,V",2011,2.75
329,70%,"4- B,S,C,V",2012,3.25
329,70%,"4- B,S,C,V",2012,3.25
329,70%,"4- B,S,C,V",2012,3.5
329,70%,"4- B,S,C,V",2013,2.75
329,70%,"4- B,S,C,V",2013,2.75
329,70%,"4- B,S,C,V",2013,2.75
329,70%,"4- B,S,C,V",2013,3.5
329,73%,"2- B,S",2017,3.5
330,75%,"4- B,S,C,V",2008,2
330,70%,"4- B,S,V,L",2008,3
330,70%,"5- B,S,C,V,L",2008,3.25
330,70%,"5- B,S,C,V,L",2008,3.75
331,70%,"4- B,S,C,L",2010,2
332,75%,"4- B,S,C,L",2007,2.75
332,73%,"4- B,S,C,L",2007,3.5
333,65%,"5- B,S,C,V,L",2013,3.5
334,70%,"3- B,S*,C",2018,2.75
335,55%,"5- B,S,C,V,L",2009,2.75
335,55%,"5- B,S,C,V,L",2010,3.5
336,70%,"3- B,S,C",2016,3
337,74%,"3- B,S,C",2012,3.75
337,74%,"3- B,S,C",2014,2.5
337,74%,"3- B,S,C",2014,2.75
337,74%,"2- B,S",2015,2.5
338,70%,"4- B,S,C,L",2014,2.75
339,72%,"3- B,S,C",2012,2.75
339,72%,"3- B,S,C",2012,3
339,72%,"3- B,S,C",2012,3.25
339,72%,"3- B,S,C",2012,3.25
339,72%,"3- B,S,C",2013,3.75
339,72%,"3- B,S,C",2015,3.5
339,72%,"3- B,S,C",2015,3.75
339,70%,"3- B,S,C",2017,3.25
339,70%,"3- B,S,C",2019,3.5
340,70%,"2- B,S",2012,3.25
340,70%,"2- B,S",2012,3.25
340,70%,"2- B,S",2012,3.5
340,85%,"2- B,S",2014,3.5
340,70%,"2- B,S",2014,3.75
340,70%,"3- B,S,C",2016,3.5
340,70%,"3- B,S,C",2016,3.75
341,70%,"3- B,S,C",2015,2.75
341,75%,"3- B,S,C",2015,2.75
341,72%,"3- B,S,C",2015,3
341,70%,"3- B,S,C",2015,3.5
341,62%,"3- B,S,C",2015,3.5
341,70%,"3- B,S,C",2015,3.5
341,70%,"3- B,S,C",2015,3.5
341,68%,"3- B,S,C",2015,3.5
341,78%,"3- B,S,C",2015,3.5
341,75%,"3- B,S,C",2016,3.25
341,73%,"2- B,S",2017,3
341,72%,"3- B,S,C",2018,3
341,72%,"3- B,S,C",2018,3.25
341,72%,"3- B,S,C",2018,3.5
342,70%,"3- B,S,C",2016,2.75
342,80%,"3- B,S,C",2021,3.25
342,70%,"3- B,S,C",2021,3.5
343,72%,"3- B,S,C",2021,2.75
343,72%,"3- B,S,C",2021,2.75
343,72%,"3- B,S,C",2021,3.25
344,75%,"2- B,S",2016,3.25
345,75%,"2- B,S",2018,2.75
346,80%,"3- B,S,C",2012,3
346,76%,"3- B,S,C",2012,3.5
346,72%,"3- B,S,C",2012,3.5
346,70%,"3- B,S,C",2012,3.5
346,78%,"3- B,S,C",2012,3.5
346,74%,"3- B,S,C",2012,3.5
346,75%,"3- B,S,C",2013,3.5
346,85%,"2- B,S",2015,3.25
346,68%,"2- B,S",2015,3.5
346,70%,"2- B,S",2015,3.75
346,75%,"3- B,S,C",2018,3.5
347,65%,NA,2010,3
347,65%,NA,2010,3
347,65%,NA,2010,3.25
347,65%,NA,2010,3.5
348,74%,"4- B,S,C,V",2013,2.25
348,89%,"4- B,S,C,V",2013,2.5
349,76%,"3- B,S,C",2016,2.75
349,82%,"3- B,S,C",2016,3
349,74%,"3- B,S,C",2016,3.25
350,81%,"2- B,S",2010,2.75
350,75%,"2- B,S",2010,3
350,70%,"2- B,S",2010,3.25
350,81%,"2- B,S",2011,2.75
350,71%,"2- B,S",2011,2.75
350,76%,"2- B,S",2011,3
350,70%,"2- B,S",2011,3
350,75%,"2- B,S",2011,3
350,73%,"2- B,S",2011,3.25
350,72%,"2- B,S",2011,3.5
350,70%,"2- B,S",2011,3.5
350,74%,"2- B,S",2011,3.75
350,72%,"2- B,S",2012,2.5
350,73%,"2- B,S",2012,2.75
350,73%,"2- B,S",2012,3.5
350,75%,"2- B,S",2014,3.75
350,76%,"2- B,S",2015,3
350,74%,"2- B,S",2015,3.25
351,72%,"3- B,S,C",2013,3.5
351,70%,"3- B,S,C",2013,3.75
351,68%,"3- B,S,C",2013,4
351,74%,"3- B,S,C",2013,4
352,70%,"3- B,S,C",2021,3.5
353,70%,"2- B,S",2014,3.25
353,70%,"2- B,S",2014,3.25
353,82%,"2- B,S",2014,3.25
353,63%,"3- B,S,C",2014,3.5
353,70%,"3- B,S,C",2020,3
353,75%,"3- B,S,C",2020,3
353,65%,"3- B,S,C",2020,3.25
354,72%,"2- B,S",2016,3
355,70%,"3- B,S,C",2020,2.5
355,70%,"3- B,S,C",2020,3.25
356,70%,"2- B,S",2014,2.5
356,70%,"2- B,S",2014,2.75
356,70%,"2- B,S",2014,3
356,70%,"2- B,S",2014,3
356,70%,"2- B,S",2014,3.5
357,85%,"2- B,S*",2019,2.5
357,70%,"2- B,S*",2019,2.75
357,70%,"2- B,S*",2019,3.25
357,70%,"2- B,S*",2019,3.25
358,80%,"4- B,S,C,L",2012,2.5
358,72%,"4- B,S,C,L",2012,2.5
359,80%,"3- B,S,C",2014,3.25
359,70%,"3- B,S,C",2014,3.25
359,70%,"3- B,S,C",2014,3.5
359,80%,"3- B,S,C",2014,3.5
359,80%,"3- B,S,C",2015,2.75
359,70%,"3- B,S,C",2015,3
360,75%,"3- B,S,C",2018,2.5
361,70%,"3- B,S,C",2014,3
361,72%,"3- B,S,C",2014,3.5
361,72%,"3- B,S,C",2018,3.25
361,67%,"3- B,S,C",2018,3.75
362,70%,"3- B,S,V",2015,3.5
363,70%,"3- B,S,C",2018,3.5
364,60%,"4- B,S,C,V",2006,2
364,85%,"4- B,S,C,V",2006,2
364,99%,"4- B,S,C,V",2006,2
364,70%,"4- B,S,C,V",2006,3
364,67%,"4- B,S,C,V",2006,3.75
364,65%,"4- B,S,C,V",2006,3.75
364,64%,"4- B,S,C,V",2006,3.75
364,66%,"4- B,S,C,V",2007,3.5
364,67%,"4- B,S,C,V",2007,3.5
364,66%,"4- B,S,C,V",2012,3.75
364,69%,"4- B,S,C,V",2017,3.25
364,70%,"4- B,S,C,V",2019,3
364,70%,"4- B,S,C,V",2019,3.5
365,65%,"4- B,S*,C,Sa",2012,1.5
365,75%,"4- B,S*,C,Sa",2012,2
365,70%,"4- B,S*,C,Sa",2012,2.5
365,75%,"3- B,S*,Sa",2013,2.5
365,80%,"4- B,S,C,Sa",2013,3.25
365,75%,"3- B,S,C",2015,3.25
365,80%,"3- B,S,C",2015,3.5
365,70%,"3- B,S,C",2015,3.5
365,70%,"3- B,S,C",2015,3.5
365,75%,"3- B,S,C",2015,3.75
365,75%,"3- B,S,C",2015,3.75
366,70%,"3- B,S,C",2018,3
366,70%,"3- B,S,C",2018,3.25
366,70%,"3- B,S,C",2018,3.25
366,70%,"3- B,S,C",2018,3.5
367,70%,"4- B,S,C,V",2012,3.5
367,70%,"4- B,S,C,V",2013,2.5
368,70%,"3- B,S,C",2019,3
368,74%,"3- B,S,C",2019,3
368,76%,"3- B,S,C",2019,3
368,75%,"3- B,S,C",2021,2.75
368,74%,"3- B,S,C",2021,3
368,90%,"3- B,S,C",2021,3
369,70%,"2- B,S",2018,3
369,70%,"2- B,S",2018,3.25
369,70%,"2- B,S",2018,3.5
369,70%,"2- B,S",2018,3.75
370,77%,"3- B,S,C",2010,2.75
370,67%,"3- B,S,C",2019,2.75
371,70%,"2- B,S",2016,3.5
372,72%,"2- B,S",2017,3
372,72%,"2- B,S",2017,3.25
372,65%,"3- B,S,C",2017,3.5
372,65%,"2- B,S",2017,3.5
372,72%,"3- B,S,C",2019,3.75
373,70%,"3- B,S,C",2020,3.5
374,70%,"2- B,S",2015,3.5
374,75%,"2- B,S",2016,3.75
374,70%,"3- B,S,C",2019,3
375,65%,NA,2012,2.5
376,67%,"3- B,S,C",2010,2.75
376,72%,"3- B,S,C",2013,3
376,73%,"3- B,S,C",2013,3.25
377,72%,"3- B,S,C",2018,2.5
377,68%,"2- B,S",2018,3
377,72%,"3- B,S,C",2019,3
377,70%,"2- B,S",2019,3.5
377,72%,"2- B,S",2019,3.75
378,70%,"3- B,S,C",2021,2.75
378,70%,"3- B,S,C",2021,3.25
379,70%,"2- B,S",2015,2.75
379,70%,"2- B,S",2015,3
379,70%,"2- B,S",2015,3.25
380,70%,"2- B,S",2011,2.75
380,70%,"2- B,S",2011,2.75
380,70%,"3- B,S,C",2018,3.25
381,72%,"2- B,S",2016,3.5
381,76%,"3- B,S,C",2021,3.5
382,70%,NA,2014,3.25
383,70%,"3- B,S,C",2018,3.25
383,72%,"3- B,S,C",2021,3.5
383,75%,"2- B,S",2021,3.75
384,70%,NA,2015,3.25
384,63%,NA,2015,3.5
384,85%,NA,2015,3.5
385,70%,"3- B,S,C",2020,3
386,70%,"3- B,S,C",2015,3.5
386,80%,"3- B,S,C",2015,3.5
387,70%,"2- B,S",2018,3.5
388,71%,"2- B,S",2016,2.75
388,68%,"2- B,S",2016,2.75
388,68%,"2- B,S",2016,2.75
388,80%,"2- B,S",2016,3
389,58%,"3- B,S,C",2013,2.5
389,70%,"3- B,S,C",2013,3
390,71%,"4- B,S,C,V",2012,2.5
390,70%,"4- B,S,C,L",2013,3.75
390,78%,"4- B,S,C,L",2013,3.75
390,75%,"4- B,S,C,L",2014,2.75
390,70%,"4- B,S,C,L",2014,3
390,70%,"4- B,S,C,L",2014,3.25
390,67%,"3- B,S,C",2019,2.75
390,70%,"3- B,S,C",2019,3.25
391,85%,NA,2013,3.5
392,72%,"2- B,S",2014,2.25
392,70%,"2- B,S*",2014,2.5
392,73.5%,"2- B,S",2014,2.5
392,70%,"3- B,S,C",2014,3.5
393,70%,"2- B,S",2018,3.25
394,73%,"5- B,S,C,V,L",2006,2
394,75%,"5- B,S,C,V,L",2006,2.75
394,71%,"5- B,S,C,V,L",2006,3
394,73%,"5- B,S,C,V,L",2007,1
394,67%,"5- B,S,C,V,L",2008,3.75
394,70%,"5- B,S,C,V,L",2010,2.5
395,72%,"2- B,S",2015,2.25
395,72%,"2- B,S",2015,2.75
395,72%,"2- B,S",2015,3
395,72%,"2- B,S",2015,3
395,72%,"2- B,S",2018,3
396,75%,"3- B,S,C",2013,2.75
396,75%,"3- B,S,C",2013,3.5
397,72%,"3- B,S,C",2019,3.75
398,70%,"3- B,S,C",2018,3
399,72%,"3- B,S,C",2018,2.75
399,72%,"3- B,S,C",2018,3
399,72%,"3- B,S,C",2018,3
399,74%,"3- B,S,C",2019,2.75
399,72%,"3- B,S,C",2019,3.25
400,75%,"4- B,S*,V,L",2014,3
400,75%,"4- B,S*,V,L",2014,3
400,75%,"4- B,S*,V,L",2014,3.25
401,70%,NA,2012,3
401,70%,NA,2012,3
402,75%,"2- B,S",2012,2.75
402,70%,"2- B,S",2012,3
402,80%,"2- B,S",2012,3.25
403,70%,"2- B,S",2015,2.75
403,70%,"2- B,S",2015,3
403,70%,"2- B,S",2015,3.5
403,70%,"2- B,S",2015,3.75
403,70%,"2- B,S",2015,3.75
403,70%,"3- B,S,C",2020,3
403,70%,"3- B,S,C",2020,3.25
404,70%,"3- B,S,C",2016,3.5
405,70%,"5- B,S,C,V,L",2010,2.5
406,70%,"2- B,S",2015,3.75
406,70%,"2- B,S",2019,3.75
407,70%,"3- B,S,C",2015,3.75
407,75%,"3- B,S,C",2015,4
408,66%,"2- B,S",2014,2.75
408,70%,"2- B,S",2014,3
408,88%,"2- B,S",2014,3.25
408,74%,"2- B,S",2014,3.5
408,100%,1- B,2016,2.75
408,70%,"2- B,S",2016,3.5
409,70%,"2- B,S",2020,3
409,70%,"2- B,S",2020,3
409,70%,"2- B,S",2020,3.25
409,70%,"2- B,S",2020,3.25
409,70%,"2- B,S",2020,3.25
409,70%,"2- B,S",2020,3.75
409,70%,"2- B,S",2020,3.75
409,100%,1- B,2021,3
409,80%,"2- B,S",2021,3
409,70%,"2- B,S",2021,3.25
409,70%,"2- B,S",2021,3.25
409,70%,"2- B,S",2021,3.5
409,70%,"2- B,S",2021,3.75
410,70%,"3- B,S,C",2015,2.75
410,70%,"3- B,S,C",2015,3
411,70%,"2- B,S",2011,3.5
411,78%,"3- B,S,C",2018,3.75
412,67%,"3- B,S,C",2009,2.75
412,75%,"3- B,S,C",2009,3
412,72%,"3- B,S,C",2010,3
412,72%,"3- B,S,C",2010,3
413,76%,"5- B,S,C,V,L",2011,2
413,76%,"5- B,S,C,V,L",2011,2.75
413,85%,"5- B,S,C,V,L",2011,2.75
413,85%,"5- B,S,C,V,L",2011,3
414,80%,"4- B,S,C,L",2011,2.75
415,70%,"3- B,S,C",2014,3
415,66%,"3- B,S,C",2014,3.5
415,70%,"3- B,S,C",2016,3.75
415,73%,"3- B,S,C",2018,3
416,70%,"2- B,S",2020,3.25
416,70%,"2- B,S",2020,3.25
416,70%,"2- B,S",2020,3.5
417,75%,"3- B,S,C",2021,2.75
417,70%,"3- B,S,C",2021,3.25
417,75%,"3- B,S,C",2021,3.25
417,75%,"3- B,S,C",2021,3.5
418,74%,"3- B,S,C",2013,2.75
418,72%,"3- B,S,C",2013,2.75
418,72%,"3- B,S,C",2013,2.75
418,72%,"3- B,S,C",2013,3
418,72%,"3- B,S,C",2013,3
418,71%,"3- B,S,C",2018,3
419,70%,"3- B,S,C",2009,3
419,75%,"3- B,S,C",2009,3
419,68%,"3- B,S,C",2009,3.25
419,66%,"3- B,S,C",2011,3.75
419,68%,"3- B,S,C",2014,2.75
419,80%,"2- B,S",2014,3.25
420,60%,"5- B,S,C,V,L",2006,3
420,60%,"5- B,S,C,V,L",2009,3
421,65%,"4- B,S,C,L",2012,3
421,72%,"4- B,S,C,L",2012,3
422,100%,NA,2008,2
422,60%,"4- B,S,C,L",2008,2.75
422,72%,"4- B,S,C,L",2008,3
422,65%,"4- B,S,C,L",2008,3
422,70%,"4- B,S,C,L",2008,3.5
422,70%,"4- B,S,C,L",2011,3.5
422,85%,"4- B,S,C,L",2012,2.75
422,70%,"4- B,S,C,L",2012,4
422,70%,"4- B,S,C,L",2014,3.25
422,70%,"4- B,S,C,L",2014,3.5
422,70%,"4- B,S,C,L",2014,3.75
422,70%,"4- B,S,C,L",2014,4
422,70%,"4- B,S,C,L",2016,4
423,72%,"5- B,S,C,V,L",2018,3.25
423,70%,"5- B,S,C,V,L",2018,3.5
423,72%,"5- B,S,C,V,L",2018,3.75
424,72%,"2- B,S",2014,2.75
424,75%,"2- B,S",2014,2.75
424,75%,"2- B,S",2014,3.5
424,78%,"2- B,S",2014,3.75
424,70%,"2- B,S",2014,3.75
424,70%,"2- B,S",2015,3.25
424,70%,"2- B,S*",2015,3.25
424,72%,"2- B,S",2015,3.5
424,72%,"2- B,S",2015,3.75
424,70%,"2- B,S",2016,2.75
424,72%,"2- B,S",2016,3
424,72%,"2- B,S",2017,2.75
424,75%,"2- B,S",2017,2.75
424,70%,"2- B,S",2017,3.5
424,70%,"2- B,S",2019,3.5
425,76%,"2- B,S",2016,3
425,76%,"2- B,S",2019,2.75
425,76%,"2- B,S",2019,3
425,75%,"2- B,S",2019,3.25
425,76%,"2- B,S",2019,3.25
425,76%,"2- B,S",2019,3.25
425,71%,"2- B,S",2019,3.5
426,65%,"3- B,S,V",2014,3.5
427,70%,"2- B,S",2014,3
427,70%,"2- B,S",2014,3.5
427,70%,"2- B,S",2015,3.5
427,70%,"2- B,S",2016,3.25
428,75%,"3- B,S,C",2019,2.75
428,75%,"3- B,S,C",2019,2.75
428,75%,"3- B,S,C",2019,3
429,55%,"4- B,S,C,V",2013,2.5
429,70%,"4- B,S,C,V",2013,2.75
430,70%,"3- B,S,C",2007,4
430,67%,"3- B,S,C",2009,3.5
430,70%,"3- B,S,C",2009,3.5
430,75%,"3- B,S,C",2009,4
430,70%,"3- B,S,C",2011,3.75
430,67%,"3- B,S,C",2013,4
431,73%,"2- B,S*",2014,2.25
431,64%,"2- B,S*",2014,2.75
432,82%,"3- B,S,C",2015,3
433,75%,"3- B,S*,C",2018,3
434,70%,"4- B,S,C,L",2019,3.25
435,72%,"5- B,S,C,V,L",2006,3
435,72%,"5- B,S,C,V,L",2006,3.75
435,72%,"5- B,S,C,V,L",2006,4
435,85%,"5- B,S,C,V,L",2007,3.5
435,72%,"5- B,S,C,V,L",2007,3.75
435,70%,"5- B,S,C,V,L",2007,4
435,72%,"5- B,S,C,V,L",2007,4
435,72%,"5- B,S,C,V,L",2009,3
435,72%,"5- B,S,C,V,L",2009,3
435,75%,"5- B,S,C,V,L",2010,3
435,85%,"5- B,S,C,V,L",2010,3
435,75%,"5- B,S,C,V,L",2010,3.25
435,78%,"5- B,S,C,V,L",2010,3.75
435,70%,"5- B,S,C,V,L",2015,3.25
435,76%,"4- B,S,C,L",2019,3
435,70%,"4- B,S,C,L",2019,3
435,72%,"4- B,S,C,L",2021,3.5
436,70%,"3- B,S,C",2020,3
436,70%,"3- B,S,C",2020,3.5
436,73%,"3- B,S,C",2020,3.5
437,80%,"4- B,S,V,L",2016,2.5
438,73%,"2- B,S",2014,2.5
438,73%,"2- B,S",2014,3.25
438,73%,"2- B,S",2014,3.25
438,73%,"2- B,S",2014,3.5
438,62%,"3- B,S,C",2015,2.5
438,80%,"2- B,S",2015,2.75
438,80%,"3- B,S,C",2015,2.75
438,80%,"3- B,S,C",2015,2.75
438,80%,"2- B,S",2015,3.25
439,70%,"3- B,S,C",2020,3
439,70%,"3- B,S,C",2020,3
439,70%,"3- B,S,C",2020,3.25
440,76%,"3- B,S,C",2012,2.5
440,82%,"3- B,S,C",2012,2.75
441,71%,"3- B,S,C",2021,2.75
441,76%,"3- B,S,C",2021,3
441,66%,"3- B,S,C",2021,3
442,82%,"2- B,S",2010,3.75
442,70%,"2- B,S",2011,2.75
442,70%,"2- B,S",2011,3
442,70%,"2- B,S",2011,3.5
442,70%,"2- B,S",2011,3.5
442,70%,"2- B,S",2014,3.75
442,70%,"2- B,S",2016,3.75
442,70%,"2- B,S",2018,4
442,75%,"2- B,S",2021,3.75
442,70%,"2- B,S",2021,3.75
443,75%,"4- B,S,C,L",2006,3
443,75%,"4- B,S,C,L",2006,3
443,75%,"4- B,S,C,L",2006,3
443,75%,"4- B,S,C,L",2006,3
443,75%,"4- B,S,C,L",2006,3.5
443,75%,"4- B,S,C,L",2006,3.75
443,80%,"4- B,S,C,L",2006,3.75
443,75%,"4- B,S,C,L",2007,4
443,75%,"4- B,S,C,L",2008,2
443,100%,"2- B,C",2008,3
443,75%,"4- B,S,C,L",2008,3.5
443,75%,"4- B,S,C,L",2009,2
443,75%,"4- B,S,C,L",2010,3.5
443,75%,"4- B,S,C,L",2011,3.25
443,75%,"3- B,S,C",2015,3.25
443,75%,"4- B,S,C,L",2019,3
443,75%,"4- B,S,C,L",2019,3
443,75%,"4- B,S,C,L",2019,3
443,75%,"4- B,S,C,L",2019,3
443,75%,"4- B,S,C,L",2019,3
443,75%,"4- B,S,C,L",2019,3.25
443,75%,"4- B,S,C,L",2019,3.25
443,75%,"4- B,S,C,L",2019,3.5
443,75%,"4- B,S,C,L",2019,3.5
443,75%,"4- B,S,C,L",2019,3.5
444,75%,"2- B,S*",2018,3.25
444,75%,"2- B,S*",2018,3.25
445,70%,"2- B,S",2019,2.75
446,75%,"3- B,S,C",2014,2.75
446,85%,"3- B,S,C",2014,2.75
446,75%,"3- B,S,C",2014,3
446,72%,"3- B,S,C",2014,3.25
446,80%,"3- B,S,C",2015,2.75
446,70%,"3- B,S,C",2015,3.5
446,74%,"3- B,S,C",2015,3.5
446,77%,"3- B,S,C",2016,3.5
446,75%,"2- B,S",2017,3.75
446,72%,"3- B,S,C",2018,3.25
447,73%,"4- B,S,C,L",2012,2.75
447,73%,"4- B,S,C,L",2017,3.25
447,75%,"4- B,S,C,L",2017,3.25
447,75%,"4- B,S,C,L",2017,3.5
447,66%,"4- B,S,C,L",2017,3.5
447,65%,"4- B,S,C,L",2017,3.75
448,60%,"3- B,S,C",2012,3
448,65%,"3- B,S,C",2012,3.25
448,55%,"3- B,S,C",2013,2.75
448,75%,"3- B,S,C",2013,3.25
448,80%,"3- B,S,C",2013,3.25
448,85%,"3- B,S,C",2013,3.5
449,70%,"3- B,S,C",2018,3
449,70%,"3- B,S,C",2019,3.75
449,70%,"3- B,S,C",2020,3.5
449,70%,"3- B,S,C",2020,4
449,70%,"3- B,S,C",2021,3.75
450,70%,"3- B,S,C",2016,2.75
450,74%,"3- B,S,C",2016,3
451,85%,"3- B,S,C",2011,3.5
451,75%,"3- B,S,C",2012,3.25
451,75%,"3- B,S,C",2015,2.75
451,70%,"3- B,S,C",2016,3
451,70%,"3- B,S,C",2017,3.25
451,70%,"3- B,S,C",2017,3.5
452,70%,"5- B,S,C,V,L",2010,2.75
453,75%,NA,2010,3
454,70%,"2- B,S",2015,2.5
454,80%,"2- B,S",2015,3.25
454,73%,"2- B,S",2015,3.5
454,70%,"2- B,S",2021,3.25
455,75%,"3- B,S,C",2016,3.25
456,72%,"3- B,S,C",2018,3.5
456,72%,"3- B,S,C",2018,3.75
456,72%,"3- B,S,C",2018,3.75
456,72%,"3- B,S,C",2019,3.5
456,72%,"3- B,S,C",2019,3.5
456,72%,"3- B,S,C",2021,3.5
457,70%,NA,2012,2.5
458,75%,"4- B,S,C,L",2007,3
458,67%,"4- B,S,C,L",2007,3.5
458,75%,"4- B,S,C,L",2007,3.75
458,75%,"4- B,S,C,L",2009,2.5
458,75%,"4- B,S,C,L",2010,3.25
459,75%,"2- B,S",2011,3.5
459,75%,"2- B,S",2012,3.25
459,75%,"2- B,S",2012,3.5
459,75%,"2- B,S",2012,4
459,75%,"2- B,S",2013,3
459,75%,"2- B,S",2013,3.75
459,85%,"2- B,S",2015,3.5
459,70%,"2- B,S",2015,3.5
459,75%,"2- B,S",2016,3.75
459,75%,"3- B,S,C",2017,3.75
459,70%,"2- B,S",2019,3.5
459,80%,"2- B,S",2019,3.5
459,75%,"3- B,S,C",2020,3.5
460,72%,"3- B,S,C",2018,3
460,70%,"3- B,S,C",2019,2.5
460,70%,"3- B,S,C",2019,2.5
461,70%,"2- B,S",2016,3.25
461,70%,"2- B,S",2016,3.25
461,70%,"2- B,S",2016,3.25
462,75%,"5- B,S,C,V,L",2013,3.25
462,68%,"4- B,S,C,L",2013,3.25
463,66%,NA,2012,3.5
464,70%,"2- B,S",2008,2.75
464,70%,"2- B,S",2008,2.75
464,70%,"2- B,S",2008,3
464,70%,"2- B,S",2008,3
464,70%,"2- B,S",2009,3.5
464,75%,"2- B,S",2010,3.75
464,75%,"2- B,S",2011,3
464,75%,"2- B,S",2012,3.75
464,70%,"2- B,S",2013,3.5
464,70%,"2- B,S",2013,3.5
464,75%,"2- B,S",2013,3.75
464,75%,"2- B,S",2013,4
464,80%,"2- B,S",2014,3.75
464,75%,"2- B,S",2015,3.25
464,70%,"2- B,S",2015,3.75
464,75%,"2- B,S",2016,3.75
465,71%,"3- B,S,C",2011,2.5
465,77%,"3- B,S,C",2011,2.75
465,73%,"3- B,S,C",2011,3.5
465,70%,"3- B,S,C",2011,3.5
465,76%,"3- B,S,C",2012,2.25
465,84%,"3- B,S,C",2012,2.5
465,72%,"3- B,S,C",2012,2.5
465,73%,"3- B,S,C",2017,3.75
465,72%,"3- B,S,C",2021,3.75
466,72%,"3- B,S*,C",2017,2.75
466,75%,"3- B,S,C",2018,3
466,70%,"3- B,S,C",2018,3.5
466,77%,"2- B,S",2021,2.75
466,72%,"2- B,S",2021,3.5
467,100%,NA,2010,1.5
467,70%,NA,2010,3
467,64%,NA,2010,3.5
467,72%,NA,2010,3.5
467,72%,NA,2010,3.5
468,83%,"4- B,S*,C,V",2012,2.75
468,69%,"4- B,S*,C,V",2012,3.25
469,70%,"4- B,S,C,L",2008,3.5
469,70%,"4- B,S,C,L",2008,3.5
469,70%,"4- B,S,C,L",2008,3.5
469,70%,"4- B,S,C,L",2008,3.5
470,70%,"4- B,S,C,L",2017,3.25
471,53%,"5- B,S,C,V,L",2006,2
471,65%,"5- B,S,C,V,L",2006,3
471,70%,"5- B,S,C,V,L",2006,3.75
471,75%,"3- B,S,L",2009,2.75
471,70%,"5- B,S,C,V,L",2009,3
472,70%,"5- B,S,C,V,L",2011,2.75
473,82%,"5- B,S,C,V,L",2006,2
473,68%,"5- B,S,C,V,L",2006,2
473,70%,"5- B,S,C,V,L",2006,2
473,62%,"5- B,S,C,V,L",2006,3
473,70%,"5- B,S,C,V,L",2006,3.5
473,72%,"5- B,S,C,V,L",2007,3
473,62%,"5- B,S,C,V,L",2007,3
473,75%,"5- B,S,C,V,L",2007,3
473,75%,"5- B,S,C,V,L",2007,3.75
473,72%,"5- B,S,C,V,L",2008,3
473,68%,"5- B,S,C,V,L",2009,3.75
473,72%,"5- B,S,C,V,L",2009,3.75
473,65%,"5- B,S,C,V,L",2009,4
473,68%,"5- B,S,C,V,L",2010,3.5
473,65%,"5- B,S,C,V,L",2010,3.75
473,68%,"5- B,S,C,V,L",2011,3.75
473,78%,"4- B,S,C,L",2012,4
474,70%,"2- B,S",2015,2.75
474,70%,"2- B,S",2015,2.75
475,70%,"2- B,S",2018,2.75
475,70%,"2- B,S",2018,3
475,70%,"2- B,S",2018,3.25
475,70%,"2- B,S",2019,2.75
475,70%,"2- B,S",2019,3.5
475,75%,"2- B,S",2021,3.25
475,70%,"2- B,S",2021,3.5
475,70%,"2- B,S",2021,3.5
475,70%,"2- B,S",2021,3.5
476,70%,"3- B,S,C",2019,3
476,70%,"3- B,S,C",2019,3
476,70%,"3- B,S,C",2019,3.5
477,75%,"2- B,S",2014,3
477,72%,"2- B,S",2014,3.25
477,77%,"2- B,S",2015,2.75
477,72%,"2- B,S",2015,3.25
477,73%,"2- B,S",2015,3.5
477,74%,"2- B,S",2015,3.5
478,73%,"4- B,S,C,V",2011,2
478,73%,"4- B,S,C,V",2011,2.5
479,75%,"3- B,S,C",2011,3.5
479,70%,"3- B,S,C",2016,3.25
480,82%,"3- B,S,C",2015,3.25
480,70%,"3- B,S,C",2015,3.5
481,70%,NA,2012,2.5
482,67%,"4- B,S,C,Sa",2011,3
482,68%,"4- B,S,C,Sa",2011,3
482,65%,"4- B,S,C,Sa",2011,3.25
482,60%,"4- B,S,C,Sa",2011,3.25
483,67%,"3- B,S,C",2014,3.75
483,73%,"3- B,S,C",2014,3.75
483,73%,"3- B,S,C",2014,3.75
483,100%,1- B,2015,3
483,100%,1- B,2015,3
483,73%,"2- B,S",2015,3
483,73%,"2- B,S*",2015,3.25
483,73%,"2- B,S",2015,3.25
483,73%,"2- B,S",2016,3.5
483,73%,"2- B,S",2016,3.5
483,73%,"2- B,S",2016,3.75
483,73%,"2- B,S",2017,3.75
483,73%,"3- B,S,C",2021,3
483,73%,"3- B,S,C",2021,3.25
484,70%,"4- B,S,C,V",2015,2.75
484,72%,"3- B,S,C",2015,3
485,72%,"3- B,S,C",2015,2.75
485,67%,"3- B,S,C",2015,3
485,65%,"3- B,S,C",2015,3.25
485,70%,"3- B,S,C",2015,3.5
485,65%,"3- B,S,C",2015,3.5
485,67%,"3- B,S,C",2015,3.75
485,70%,"3- B,S,C",2015,3.75
485,70%,"3- B,S,C",2015,3.75
485,72%,"3- B,S,C",2015,4
485,70%,"3- B,S,C",2016,3
485,70%,"3- B,S,C",2016,3.25
485,70%,"3- B,S,C",2016,3.75
485,70%,"3- B,S,C",2016,3.75
485,67%,"3- B,S,C",2016,3.75
485,70%,"3- B,S,C",2016,4
485,70%,"3- B,S,C",2017,3.5
485,70%,"3- B,S,C",2017,3.5
486,68%,"3- B,S,C",2010,3
486,68%,"3- B,S,C",2010,3.25
486,67%,"3- B,S,C",2011,1.5
487,66%,"3- B,S*,C",2018,3.25
488,70%,"3- B,S,C",2017,2.75
489,72%,"2- B,S",2015,3
489,70%,"2- B,S",2016,3.5
490,85%,"2- B,S",2016,2.75
490,68%,"2- B,S",2016,2.75
490,70%,"3- B,S,C",2019,2.5
491,70%,"2- B,S",2016,3.25
491,75%,"2- B,S",2016,3.25
492,70%,"2- B,S",2013,3
492,70%,"2- B,S",2013,3
492,70%,"2- B,S",2013,3.25
492,70%,"3- B,S,C",2013,3.25
492,70%,"3- B,S,C",2013,3.5
492,70%,"3- B,S,C",2014,3
492,70%,"3- B,S,C",2017,3.25
492,70%,"3- B,S,C",2018,3.25
492,70%,"3- B,S,C",2021,3.5
493,70%,"3- B,S,C",2009,3
493,70%,"3- B,S,C",2009,3
493,70%,"3- B,S,C",2009,3.5
493,70%,"3- B,S,C",2009,3.5
493,70%,"3- B,S,C",2009,3.75
493,70%,"3- B,S,C",2009,3.75
493,70%,"3- B,S,C",2010,3.75
493,70%,"3- B,S,C",2011,2.75
493,70%,"3- B,S,C",2011,3.5
493,70%,"3- B,S,C",2011,3.5
493,70%,"3- B,S,C",2011,3.75
493,70%,"3- B,S,C",2011,4
493,64%,"3- B,S,C",2011,4
493,70%,"3- B,S,C",2012,3.25
493,70%,"3- B,S,C",2012,3.5
493,70%,"3- B,S,C",2012,3.5
493,85%,"3- B,S,C",2012,3.5
493,70%,"3- B,S,C",2012,3.75
493,70%,"3- B,S,C",2012,3.75
493,70%,"3- B,S,C",2012,4
493,70%,"3- B,S,C",2012,4
493,70%,"3- B,S,C",2013,2.75
493,70%,"3- B,S,C",2013,3.25
493,70%,"3- B,S,C",2013,3.25
493,70%,"3- B,S,C",2013,3.25
493,77%,"3- B,S,C",2013,3.75
493,70%,"3- B,S,C",2013,3.75
493,70%,"3- B,S,C",2013,3.75
493,88%,"3- B,S,C",2013,4
493,70%,"3- B,S,C",2013,4
493,67%,"3- B,S,C",2013,4
493,70%,"3- B,S,C",2013,4
493,70%,"3- B,S,C",2014,3.25
493,70%,"3- B,S,C",2014,3.25
493,70%,"3- B,S,C",2014,3.5
493,80%,"3- B,S,C",2014,3.5
493,70%,"3- B,S,C",2014,3.75
493,70%,"3- B,S,C",2014,3.75
493,70%,"3- B,S,C",2015,3.5
493,75%,"3- B,S,C",2015,4
493,70%,"3- B,S,C",2016,3.25
493,62%,"3- B,S,C",2016,3.5
493,70%,"3- B,S,C",2016,3.5
493,70%,"3- B,S,C",2016,3.5
493,70%,"3- B,S,C",2016,3.75
493,75%,"3- B,S,C",2016,3.75
493,70%,"3- B,S,C",2016,4
493,70%,"3- B,S,C",2017,3.25
493,70%,"3- B,S,C",2017,4
493,70%,"3- B,S,C",2018,3
493,70%,"3- B,S,C",2018,4
493,70%,"3- B,S,C",2018,4
493,62%,"4- B,S,C,V",2021,3.25
493,70%,"3- B,S,C",2021,3.5
493,70%,"3- B,S,C",2021,3.5
493,70%,"3- B,S,C",2021,4
494,70%,"2- B,S",2014,3.25
494,70%,"2- B,S",2014,3.5
495,70%,"2- B,S",2017,3.25
495,75%,"2- B,S",2017,3.25
495,77%,"2- B,S",2017,3.25
495,70%,"2- B,S",2017,3.5
495,75%,"2- B,S",2017,3.5
495,80%,"2- B,S",2017,3.5
496,70%,"4- B,S,C,V",2012,3
496,80%,"4- B,S,C,V",2012,3
496,75%,"4- B,S,C,V",2012,3.25
497,72%,"3- B,S,C",2014,2.75
497,70%,"3- B,S,C",2016,3.5
497,70%,"3- B,S,C",2016,3.75
497,70%,"3- B,S,C",2016,3.75
497,70%,"3- B,S,C",2017,2.75
497,70%,"3- B,S,C",2017,3.5
497,70%,"3- B,S,C",2017,3.75
498,70%,"2- B,S",2021,3.25
498,70%,"2- B,S",2021,3.5
498,70%,"2- B,S",2021,3.5
499,70%,"4- B,S,C,L",2013,3
500,84%,"3- B,S,L",2013,2.25
500,70%,"3- B,S,L",2013,3
501,70%,"4- B,S*,C,V",2015,3
501,70%,"4- B,S*,C,V",2015,3
501,70%,"4- B,S*,C,V",2015,3
501,70%,"4- B,S*,C,V",2015,3
501,70%,"4- B,S*,C,V",2015,3
502,72%,"4- B,S,C,V",2011,3.25
502,68%,"4- B,S,C,V",2012,2.75
503,84%,"3- B,S,C",2014,3.5
503,70%,"3- B,S,C",2014,3.5
503,70%,"3- B,S,C",2017,2.5
504,65%,"4- B,S,C,V",2012,2.5
504,70%,"4- B,S,C,V",2012,2.5
504,75%,"4- B,S,C,V",2012,2.75
505,67%,"2- B,S",2013,2.75
505,78%,"2- B,S",2013,3.25
506,61%,"5- B,S,C,V,L",2016,2.5
506,71%,"5- B,S,C,V,L",2016,3
507,70%,"3- B,S,C",2016,2.75
507,60%,"3- B,S,C",2016,3
508,70%,"2- B,S",2015,2.75
508,74%,"2- B,S",2019,2.75
509,72%,"3- B,S,C",2021,3
509,72%,"3- B,S,C",2021,3
509,77%,"3- B,S,C",2021,3.5
509,80%,"3- B,S,C",2021,3.75
510,70%,"5- B,S,C,V,L",2018,2.5
510,75%,"3- B,S,C",2018,2.75
510,70%,"5- B,S,C,V,L",2018,3
510,70%,"5- B,S,C,V,L",2018,3
510,75%,"5- B,S,C,V,L",2018,3.25
511,74%,"3- B,S,C",2020,3
511,68%,"3- B,S,C",2020,3.25
511,73%,"3- B,S,C",2020,3.25
512,70%,"3- B,S,C",2011,3
512,70%,"3- B,S,C",2012,3.25
512,70%,"3- B,S,C",2012,3.25
512,70%,"3- B,S,C",2012,3.75
512,70%,"3- B,S,C",2013,3.25
512,70%,"3- B,S,C",2013,3.5
512,70%,"3- B,S,C",2013,3.5
512,70%,"3- B,S,C",2014,3.5
512,70%,"3- B,S,C",2014,3.75
512,70%,"3- B,S,C",2015,3.25
512,88%,"3- B,S,C",2015,3.25
512,70%,"3- B,S,C",2015,3.25
512,70%,"3- B,S,C",2015,3.25
512,70%,"3- B,S,C",2015,3.5
512,70%,"3- B,S,C",2015,3.75
513,70%,"4- B,S,C,V",2013,2.5
513,70%,"4- B,S,C,V",2013,2.75
513,70%,"4- B,S,C,V",2013,2.75
513,70%,"4- B,S,C,V",2013,3
514,77%,"4- B,S,C,L",2015,2.75
514,70%,"5- B,S,C,V,L",2015,3
514,62%,"5- B,S,C,V,L",2015,3.25
514,60%,"5- B,S,C,V,L",2015,3.25
515,70%,"3- B,S,C",2019,2.75
515,75%,"3- B,S,C",2019,3
516,70%,"2- B,S",2016,3.25
517,75%,"4- B,S,C,V",2019,3
517,75%,"3- B,S,C",2019,3.25
517,75%,"3- B,S,C",2019,4
518,75%,"4- B,S,C,V",2015,3
519,72%,"3- B,S,C",2019,3
519,70%,"3- B,S,C",2019,3.25
520,67%,"3- B,S,C",2021,2.75
521,70%,"3- B,S,C",2007,3
521,75%,"3- B,S,C",2009,2.75
521,87%,"3- B,S,C",2011,3.25
521,68%,"3- B,S,C",2014,3
522,70%,"5- B,S,C,V,L",2008,2.5
522,70%,"5- B,S,C,V,L",2008,2.5
522,70%,"5- B,S,C,V,L",2008,2.5
522,70%,"5- B,S,C,V,L",2008,2.75
522,60%,"5- B,S,C,V,L",2009,2.75
522,68%,"5- B,S,C,V,L",2009,3
522,99%,NA,2012,3.25
522,62%,"5- B,S,C,V,L",2016,2
523,70%,"4- B,S,C,V",2012,2
523,70%,"4- B,S,C,V",2012,2.75
523,70%,"3- B,S,C",2012,2.75
523,70%,"3- B,S,C",2012,2.75
523,70%,"4- B,S,C,V",2012,3
523,70%,"4- B,S,C,V",2012,3
523,70%,"3- B,S,C",2012,3
523,80%,"4- B,S,C,V",2012,3
523,70%,"4- B,S,C,V",2012,3.25
523,70%,"3- B,S,C",2012,3.25
523,70%,"3- B,S,C",2012,3.25
523,67%,"3- B,S,C",2012,3.25
523,70%,"4- B,S,C,V",2012,3.5
523,70%,"3- B,S,C",2012,3.5
524,77%,"2- B,S",2014,3.25
524,67%,"2- B,S",2014,3.75
524,73%,"2- B,S",2014,3.75
524,70%,"2- B,S",2015,2.75
524,70%,"2- B,S",2015,3.25
524,70%,"3- B,S,C",2015,3.5
524,70%,"2- B,S",2015,3.75
524,70%,"2- B,S",2015,3.75
524,70%,"3- B,S,C",2015,3.75
524,72%,"3- B,S,C",2019,2.75
524,77%,"3- B,S,C",2019,3
524,77%,"3- B,S,C",2019,3.25
525,70%,"3- B,S,C",2015,3
526,91%,"2- B,S",2007,2
526,75%,"4- B,S,C,V",2007,2.5
526,84%,"4- B,S,C,V",2007,3
526,75%,"3- B,S,C",2007,3
526,65%,"3- B,S,C",2007,3.5
526,65%,"4- B,S,C,V",2012,3.25
527,70%,"2- B,S",2015,3.25
528,70%,"2- B,S",2019,3.5
529,70%,"3- B,S,L",2018,3
529,70%,"3- B,S,L",2018,3.25
530,72%,"3- B,S,C",2016,3.75
531,71%,"2- B,S",2019,2.75
532,75%,"3- B,S,C",2020,3.25
533,81%,"2- B,S",2014,3.25
534,70%,NA,2012,4
535,72%,"3- B,S,C",2011,2.75
535,74%,"3- B,S,C",2011,3
535,77%,"3- B,S,C",2012,3
536,70%,"3- B,S,C",2018,2.75
536,70%,"3- B,S,C",2018,3
536,70%,"3- B,S,C",2018,3.5
536,70%,"3- B,S,C",2019,2.75
537,70%,"2- B,S",2019,3.5
538,72%,"2- B,S",2014,3
539,70%,"3- B,S*,C",2012,2.75
539,70%,"3- B,S*,C",2012,3.25
540,70%,"2- B,S",2020,3.25
540,70%,"2- B,S",2020,3.25
540,70%,"2- B,S",2020,3.75
540,70%,"2- B,S",2021,3.25
541,73%,"3- B,S,C",2018,3
541,70%,"3- B,S,C",2018,3.5
542,70%,"2- B,S",2020,2.75
542,70%,"2- B,S",2020,2.75
542,70%,"2- B,S",2020,3
543,72%,NA,2011,3.5
544,73%,"2- B,S",2011,2.75
544,75%,"2- B,S",2013,2.5
544,68%,"2- B,S",2013,3.25
544,75%,"2- B,S",2014,3.5
544,75%,"2- B,S",2015,2.75
544,75%,"2- B,S",2015,3.5
544,75%,"2- B,S",2017,3.25
545,60%,"3- B,S,C",2016,3
546,63%,NA,2011,3.75
547,75%,"2- B,S",2017,2.75
547,75%,"2- B,S",2017,3
547,75%,"2- B,S",2017,3.25
548,74%,"2- B,S",2014,2.75
548,70%,"2- B,S",2014,3
549,72%,"2- B,S",2016,3
549,72%,"2- B,S",2016,3.25
550,65%,"4- B,S,C,V",2014,3.25
551,70%,"3- B,S,C",2017,3.75
551,70%,"3- B,S,C",2018,3.75
552,74%,"3- B,S,C",2020,3.5
553,64%,"5- B,S,C,V,L",2006,2.5
553,66%,"5- B,S,C,V,L",2006,3
553,64%,"5- B,S,C,V,L",2006,3
553,64%,"5- B,S,C,V,L",2006,3.5
553,70%,"5- B,S,C,V,L",2006,3.75
553,85%,"5- B,S,C,V,L",2007,1.5
553,85%,"5- B,S,C,V,L",2007,2.5
553,71%,"5- B,S,C,V,L",2007,2.75
553,72%,"5- B,S,C,V,L",2007,3
553,64%,"5- B,S,C,V,L",2007,3.25
553,65%,"5- B,S,C,V,L",2007,3.75
553,64%,"5- B,S,C,V,L",2007,4
553,68%,"5- B,S,C,V,L",2009,3.5
553,64%,"5- B,S,C,V,L",2009,3.75
553,66%,"5- B,S,C,V,L",2009,3.75
553,56%,"5- B,S,C,V,L",2011,3.25
553,64%,"5- B,S,C,V,L",2011,4
553,69%,"5- B,S,C,V,L",2012,4
553,70%,"5- B,S,C,V,L",2013,3.5
553,64%,"5- B,S,C,V,L",2013,3.5
553,63%,"5- B,S,C,V,L",2015,4
553,60%,"3- B,S,C",2017,3.25
554,72%,NA,2012,2.5
554,65%,NA,2012,2.75
555,72%,"3- B,S,C",2009,2.75
555,76%,"4- B,S,C,V",2009,2.75
555,80%,"4- B,S,C,V",2009,2.75
555,70%,NA,2009,3
555,68%,NA,2009,3
555,64%,NA,2009,3.25
556,70%,"2- B,S",2015,3.25
556,70%,"2- B,S",2015,3.25
556,70%,"2- B,S",2018,2.75
556,70%,"2- B,S",2018,3
556,70%,"2- B,S",2018,3.25
557,70%,"3- B,S,C",2012,3.25
557,90%,"3- B,S,C",2013,3.75
557,90%,"3- B,S,C",2014,3.25
557,75%,"3- B,S,C",2014,3.5
557,75%,"3- B,S,C",2014,3.5
557,75%,"2- B,S",2021,2.75
557,75%,"2- B,S",2021,3
557,70%,"3- B,S,C",2021,3.5
557,75%,"2- B,S",2021,3.5
558,70%,"4- B,S,C,L",2012,3.5
559,75%,"3- B,S,C",2014,3
560,100%,NA,2007,2
560,90%,NA,2007,2
560,75%,NA,2007,3
560,65%,"3- B,S,C",2007,3
561,77%,"2- B,S",2015,2.75
561,77%,"2- B,S",2015,2.75
561,77%,"2- B,S",2015,3
561,77%,"2- B,S",2015,3
561,77%,"2- B,S",2015,3.25
562,70%,"5- B,S,C,V,L",2016,2.5
562,70%,"5- B,S,C,V,L",2016,2.5
562,70%,"5- B,S,C,V,L",2016,3
562,70%,"5- B,S,C,V,L",2018,2.5
562,70%,"5- B,S,C,V,L",2018,2.5
563,70%,"2- B,S*",2016,3.5
563,70%,"2- B,S*",2016,3.5
563,77%,"2- B,S",2017,3
564,68%,"3- B,S,C",2018,3
564,72%,"3- B,S,C",2018,3
564,74%,"3- B,S,C",2021,3.5
564,72%,"3- B,S,C",2021,3.5
564,74%,"2- B,S",2021,3.75
564,72%,"3- B,S,C",2021,3.75
565,72%,NA,2011,2.5
566,75%,"3- B,S,C",2013,2.5
566,89%,"3- B,S,C",2013,2.75
566,75%,"3- B,S,C",2013,2.75
566,75%,"3- B,S,C",2013,3.25
567,70%,"3- B,S,C",2009,3
567,72%,"3- B,S,C",2009,3.25
567,71%,"3- B,S,C",2010,3
567,72%,"3- B,S,C",2010,3.5
567,69%,"3- B,S,C",2010,3.75
567,100%,NA,2013,2.25
567,88%,"3- B,S,C",2014,3
567,70%,"3- B,S,C",2016,4
568,74%,"3- B,S,C",2016,3
568,76%,"3- B,S,C",2016,3.5
568,75%,"3- B,S,C",2016,3.75
568,68%,"3- B,S,C",2019,3.25
568,70%,"3- B,S,C",2019,3.5
568,70%,"3- B,S,C",2021,3.5
569,70%,"2- B,S",2011,3.5
569,70%,"2- B,S",2011,4
569,70%,"2- B,S",2012,2.5
569,70%,"2- B,S",2012,3
569,70%,"3- B,S,C",2012,3.25
569,70%,"2- B,S",2013,3.25
569,70%,"2- B,S",2013,3.5
569,70%,"2- B,S",2014,3
569,70%,"2- B,S",2021,3
570,66%,"5- B,S,C,L,Sa",2013,3
571,65%,"4- B,S,C,L",2019,2.75
571,75%,"4- B,S,C,L",2019,3
571,70%,"4- B,S,C,L",2019,3.25
572,73%,"2- B,S",2020,3.25
572,70%,"2- B,S",2020,3.5
572,72%,"2- B,S",2020,3.5
573,70%,"2- B,S",2017,2.5
573,70%,"2- B,S",2017,2.75
574,70%,"3- B,S,C",2021,3.25
574,70%,"3- B,S,C",2021,3.5
574,70%,"3- B,S,C",2021,3.5
575,70%,"3- B,S,C",2021,3
576,70%,"3- B,S,C",2015,3
576,60%,"3- B,S,C",2015,3
576,70%,"3- B,S,C",2015,3.25
576,70%,"3- B,S,C",2015,3.25
576,70%,"3- B,S,C",2015,3.25
576,70%,"3- B,S,C",2015,3.5
577,70%,"3- B,S,C",2016,2.75
577,85%,"3- B,S,C",2016,2.75
577,85%,"3- B,S,C",2016,3
577,70%,"3- B,S,C",2016,3.5
577,70%,"3- B,S,C",2016,3.5
577,78%,"2- B,S",2016,3.5
578,68%,"4- B,S,C,L",2011,3.5
578,66%,"4- B,S,C,L",2011,3.5
578,72%,"4- B,S,C,L",2011,3.75
578,65%,"5- B,S,C,V,L",2016,3.25
578,78%,"4- B,S,C,L",2016,3.75
579,72%,"3- B,S,C",2018,3
579,68%,"3- B,S*,C",2018,3
579,75%,"3- B,S,C",2018,3.25
579,70%,"3- B,S,C",2018,3.75
580,65%,"4- B,S*,C,Sa",2010,3
580,65%,"4- B,S*,C,Sa",2011,3
580,62%,"4- B,S*,C,Sa",2011,3.25
580,65%,"4- B,S*,C,Sa",2011,3.5
580,70%,"4- B,S*,C,Sa",2011,3.75
580,70%,"4- B,S*,C,Sa",2012,3
580,75%,"4- B,S*,C,Sa",2012,3
580,75%,"4- B,S*,C,Sa",2012,3
580,90%,"4- B,S*,C,Sa",2012,3.25
580,68%,"4- B,S*,C,Sa",2012,3.25
580,72%,"4- B,S*,C,Sa",2012,3.5
580,65%,"4- B,S*,C,Sa",2012,3.5
580,70%,"4- B,S*,C,Sa",2012,3.5
580,58%,"4- B,S*,C,Sa",2012,3.5
580,62%,"4- B,S*,C,Sa",2012,3.75
580,70%,"4- B,S*,C,Sa",2012,3.75
580,80%,"4- B,S*,C,Sa",2014,2.75
580,75%,"3- B,S,C",2017,3.75
580,75%,"3- B,S,C",2018,3
580,70%,"3- B,S,C",2018,3.25
580,72%,"3- B,S,C",2018,3.5
